Sequence,Dimension,Energy of first excited state,Energy of ground state,Gap,Gap position,Ground/first ratio,Hamiltonian file,Length,Model,Multiplicity of first excited state,Multiplicity of ground state,Time,Sample time,Baseline
VMTCCAD,3,11.44,11.57,0.03,0.999,1.0,VMTCCAD.ham,7,MJ,6.0,6.0,16306.15718892993,10.666066062165493,6034350318288603.0
LLKNPDK,3,8.81,10.51,0.01618396,0.851,1.0,LLKNPDK.ham,7,MJ,6.0,6.0,11390.403983339456,9.033565914084997,2592870190651.376
LFEWWFM,3,19.39,19.98,0.02,0.999,1.0,LFEWWFM.ham,7,MJ,6.0,6.0,35003.569197912424,9.31867225148159,1.8633713385301356e+16
YHDYIWM,3,13.55,13.71,0.03,0.999,1.0,YHDYIWM.ham,7,MJ,6.0,6.0,1406.922076141056,47.13896016221606,32733.322041302607
RHMHERG,3,5.86,7.43,0.01,0.999,1.0,RHMHERG.ham,7,MJ,6.0,6.0,1919.6911181318894,35.32538695973673,46703.412920063005
MLKWNSA,3,11.76,13.49,0.0280906,0.96,1.0,MLKWNSA.ham,7,MJ,6.0,6.0,14718.582161779479,12.756562701313776,1117313518864607.4
PYGLYDD,3,8.55,8.9,0.03,0.999,1.0,PYGLYDD.ham,7,MJ,6.0,6.0,1388.9888565647498,41.25785607181142,33531.38963006404
VNYFQFA,3,13.79,14.42,0.02793209,0.868,1.0,VNYFQFA.ham,7,MJ,6.0,6.0,1899.8338671120664,52.19142074650213,41171.22613853858
RWAGKAP,3,7.43,8.17,0.03,0.999,1.0,RWAGKAP.ham,7,MJ,6.0,6.0,3165.0946286540293,16.1555325162013,1695093.5791149563
SATVAPW,3,9.47,10.57,0.02,0.999,1.0,SATVAPW.ham,7,MJ,6.0,6.0,37943.46977764375,5.722323982735289,347242875297038.2
HDKRDKM,3,6.08,7.04,0.02650005,0.715,1.0,HDKRDKM.ham,7,MJ,6.0,6.0,3355460.3799351547,0.1,5699632002356946.0
QAPEKKA,3,5.43,5.52,0.02,0.999,1.0,QAPEKKA.ham,7,MJ,6.0,6.0,58772.69429755922,5.586060097679159,53187734576770.95
HHMCVWS,3,10.42,11.26,0.02,0.999,1.0,HHMCVWS.ham,7,MJ,6.0,6.0,1906.6401820584185,35.86077716500797,52301.09179763873
LIYENTA,3,11.18,12.51,0.02103125,0.939,1.0,LIYENTA.ham,7,MJ,6.0,6.0,9348.635068046871,11.253471853099315,1558578605255808.8
WYEEEPT,3,8.48,9.73,0.01,0.999,1.0,WYEEEPT.ham,7,MJ,6.0,6.0,15354.861324505358,11.725438625238096,768325115144361.8
HIYQKST,3,8.12,8.79,0.02,0.999,1.0,HIYQKST.ham,7,MJ,6.0,6.0,3122.621904132041,13.595921157182234,23524090.616460104
GRTCWRI,3,10.63,10.85,0.01,0.999,1.0,GRTCWRI.ham,7,MJ,6.0,6.0,26870.331457012955,11.126981460473448,1085146322416900.1
NDRQAYG,3,6.12,6.46,0.01,0.999,1.0,NDRQAYG.ham,7,MJ,6.0,6.0,1870.00605126759,41.573139221265116,47976.58217989525
ILAHGMS,3,12.29,14.08,0.02,0.999,1.0,ILAHGMS.ham,7,MJ,6.0,6.0,17659.02878312039,9.978618681392353,807214021523691.6
WKLSITV,3,9.28,9.82,0.02,0.999,1.0,WKLSITV.ham,7,MJ,6.0,6.0,5855.363761404389,17.756411224951222,1611097521631625.2
KEIQAQY,3,7.05,7.75,0.01,0.999,1.0,KEIQAQY.ham,7,MJ,6.0,6.0,588287338.4421192,915.8891366539633,705330178.696852
DTLFMEC,3,10.18,10.33,0.03,0.999,1.0,DTLFMEC.ham,7,MJ,6.0,6.0,4320.485813445325,22.602076995943598,892766700145999.9
QTMLIET,3,9.05,9.79,0.01,0.999,1.0,QTMLIET.ham,7,MJ,6.0,6.0,1343.1498728854049,38.55113765272857,34829.721159580506
ARRTDRS,3,5.77,6.08,0.03,0.999,1.0,ARRTDRS.ham,7,MJ,6.0,6.0,1226.8037386196957,39.9059066344769,35676.42523923632
GLWTGHH,3,9.11,10.6,0.02946594,0.964,1.0,GLWTGHH.ham,7,MJ,6.0,6.0,936.8156785348615,78.85146406614282,8443.205005770693
SGKHTYK,3,6.04,6.21,0.03,0.999,1.0,SGKHTYK.ham,7,MJ,6.0,6.0,1843.3077167148815,41.573139221265116,45613.39079709386
CLMHEDT,3,10.35,10.51,0.01,0.999,1.0,CLMHEDT.ham,7,MJ,6.0,6.0,1718.9055870302595,35.32538695973673,41885.129100150014
ESEYYAW,3,8.95,9.16,0.01,0.999,1.0,ESEYYAW.ham,7,MJ,6.0,6.0,1240.0871883902437,41.60168929193124,26612.840447461276
PRNENDE,3,4.86,5.21,0.02995311,0.997,1.0,PRNENDE.ham,7,MJ,6.0,6.0,10637.478717475378,10.40236811389358,4270746344.1933937
TFQMDVA,3,11.78,12.21,0.03,0.999,1.0,TFQMDVA.ham,7,MJ,6.0,6.0,956.5631362806946,40.036975290613896,26985.17742279442
GINYNII,3,13.33,15.57,0.00884012,0.68,1.0,GINYNII.ham,7,MJ,6.0,6.0,59888.71846439003,8.692161392473373,2.1903615570196148e+16
MVDGNES,3,7.76,9.33,0.01444483,0.805,1.0,MVDGNES.ham,7,MJ,6.0,6.0,21086.366860202957,11.303430500019022,182893584120329.28
LWKTNNE,3,8.55,11.07,0.02825645,0.96,1.0,LWKTNNE.ham,7,MJ,6.0,6.0,9905.559151580976,10.303181542629689,1124392742494038.5
YMMNDKV,3,10.68,10.75,0.00078237,0.879,1.0,YMMNDKV.ham,7,MJ,6.0,6.0,158802.17766572096,13.353874495282286,1344676932351428.0
LIEDNRE,3,8.94,10.7,0.02,0.999,1.0,LIEDNRE.ham,7,MJ,6.0,6.0,1179.1168545252879,41.51972437072377,29873.939894368417
ASAHWEM,3,8.48,8.52,0.01,0.999,1.0,ASAHWEM.ham,7,MJ,6.0,6.0,25781.861837264543,7.031923370487462,379019327212.8203
THIPPAL,3,11.02,11.06,0.03,0.999,1.0,THIPPAL.ham,7,MJ,6.0,6.0,3685.6584523583156,20.943155283720042,64636650.39463844
DYNMKIC,3,10.76,12.32,0.03,0.999,1.0,DYNMKIC.ham,7,MJ,6.0,6.0,5984.677145129345,13.503473770565826,1553982610067489.2
LCYEHIC,3,14.75,16.07,0.01,0.999,1.0,LCYEHIC.ham,7,MJ,6.0,6.0,19464.490167251297,15.344791148777144,1720464152580642.8
QPERNCF,3,8.9,11.08,0.00208504,0.772,1.0,QPERNCF.ham,7,MJ,6.0,6.0,43522.755516253004,13.587807405812585,1.438864648730481e+16
AKMDDWL,3,10.59,10.62,0.02,0.999,1.0,AKMDDWL.ham,7,MJ,6.0,6.0,1358.7344245759468,50.84721589436544,28381.48280393077
HLSWAMI,3,15.0,16.8,0.03,0.999,1.0,HLSWAMI.ham,7,MJ,6.0,6.0,27735211568.082882,1000.0,27735211568.082882
WWQENKQ,3,7.39,8.79,0.02545884,0.6970000000000001,1.0,WWQENKQ.ham,7,MJ,6.0,6.0,23521.33854062043,6.5888724348585095,305284356553.74567
EQTGTHL,3,8.21,10.35,0.01,0.999,1.0,EQTGTHL.ham,7,MJ,6.0,6.0,23575.558227483853,928.9318656008488,24055.723610814417
RLLASRM,3,11.9,12.27,0.01961786,0.944,1.0,RLLASRM.ham,7,MJ,6.0,6.0,5026.984710752893,73.60911620662306,10370.279441209908
LCGNHQF,3,13.58,13.59,0.00834939,0.818,1.0,LCGNHQF.ham,7,MJ,6.0,6.0,93609.83076968612,9.79160483644564,1.8261180361598864e+16
FAEECYP,3,10.49,11.25,0.01,0.999,1.0,FAEECYP.ham,7,MJ,6.0,6.0,16215.530360238652,9.866234339647479,4613489356912109.0
IINHPRK,3,8.79,10.78,0.02,0.999,1.0,IINHPRK.ham,7,MJ,6.0,6.0,10011.466652240777,9.064439499302322,319004089691000.6
TSMNHQF,3,9.2,9.67,0.01,0.999,1.0,TSMNHQF.ham,7,MJ,6.0,6.0,18569.69461385333,8.33753904077299,8211985751.66759
NGTASYM,3,8.52,10.09,0.02,0.999,1.0,NGTASYM.ham,7,MJ,6.0,6.0,1958.952522894479,39.206272374169686,45868.084574194065
STYMYFC,3,12.02,12.12,0.02,0.999,1.0,STYMYFC.ham,7,MJ,6.0,6.0,1932.7281709811698,36.91971819789795,41388.02167539822
NRCNPAV,3,7.74,8.32,0.02,0.999,1.0,NRCNPAV.ham,7,MJ,6.0,6.0,3446.8888015831444,19.359328072230205,503463201543709.5
IWARNSC,3,11.04,12.1,0.02719701,0.701,1.0,IWARNSC.ham,7,MJ,6.0,6.0,17481.57193018881,15.697810813982342,186043296341889.3
EGNCGFW,3,10.75,11.93,0.03,0.999,1.0,EGNCGFW.ham,7,MJ,6.0,6.0,1319.9148083714117,50.84721589436544,27686.796220681455
IWAHNSL,3,13.8,14.2,0.01,0.999,1.0,IWAHNSL.ham,7,MJ,6.0,6.0,1106.71107221367,41.519736403595175,32002.24315312706
HRDEHAY,3,7.72,8.36,0.01,0.999,1.0,HRDEHAY.ham,7,MJ,6.0,6.0,4446.037526808296,13.776283339533675,2190926431933913.2
GRIWWEM,3,9.89,10.18,0.01,0.999,1.0,GRIWWEM.ham,7,MJ,6.0,6.0,2564.5553617365254,32.84247994789527,57113.63693647399
QADNDQG,3,5.56,5.59,0.01,0.999,1.0,QADNDQG.ham,7,MJ,6.0,6.0,1152.1808577137056,39.340320272097074,156003.45706294946
KWVIECC,3,12.4,12.92,0.01,0.999,1.0,KWVIECC.ham,7,MJ,6.0,6.0,1360.9334549708453,39.96097309207258,29182.681896111462
CMPEESF,3,11.69,12.98,0.03,0.999,1.0,CMPEESF.ham,7,MJ,6.0,6.0,26875.194156688733,1000.0,26875.194156688733
EGRKSHA,3,6.26,6.27,0.02,0.999,1.0,EGRKSHA.ham,7,MJ,6.0,6.0,5633.110020394905,9.871254196339299,267036909082476.1
PAWAPAV,3,9.89,10.11,0.02,0.999,1.0,PAWAPAV.ham,7,MJ,6.0,6.0,2257.2058711588834,38.22436599026386,48005.28835487678
IFGLFKG,3,14.18,14.43,0.02635926,0.802,1.0,IFGLFKG.ham,7,MJ,6.0,6.0,2086250287.4904845,1000.0,2086250287.4904845
THGSQRC,3,7.46,8.36,0.02,0.999,1.0,THGSQRC.ham,7,MJ,6.0,6.0,4081.4344299064314,13.703035011123204,1.2181079743472382e+16
DREAGAA,3,6.14,6.25,0.02,0.999,1.0,DREAGAA.ham,7,MJ,6.0,6.0,3845.9167241853534,18.051675652139128,4513549859974633.0
GPGTWDY,3,7.79,8.33,0.01,0.999,1.0,GPGTWDY.ham,7,MJ,6.0,6.0,16423.969327771618,8.653914641158368,558012349455.4318
EHWFVLS,3,11.19,11.81,0.02,0.999,1.0,EHWFVLS.ham,7,MJ,6.0,6.0,9409.920191691039,23.98180290001085,475329261290792.7
LCNCFWM,3,16.93,16.96,0.03,0.999,1.0,LCNCFWM.ham,7,MJ,6.0,6.0,1496.782713405775,46.72697961310634,35679.2133955304
WYSDAQM,3,10.59,10.86,0.01904614,0.949,1.0,WYSDAQM.ham,7,MJ,6.0,6.0,38377737.06394532,996.9908037622698,39345594.53061749
LFTGGWC,3,15.1,16.1,0.03,0.999,1.0,LFTGGWC.ham,7,MJ,6.0,6.0,1638.1864179441395,38.7040328075817,41140.71416832502
PPYRQKD,3,4.99,5.63,0.03,0.999,1.0,PPYRQKD.ham,7,MJ,6.0,6.0,2788.6808996680174,12.136078774465801,8900995490743120.0
GQCSRTQ,3,5.44,6.47,0.02,0.999,1.0,GQCSRTQ.ham,7,MJ,6.0,6.0,1431.1371802922124,41.60168929193124,35094.348735560314
QMEVDCW,3,11.47,13.58,1.72e-06,0.782,1.0,QMEVDCW.ham,7,MJ,6.0,6.0,2141943.7171189096,25.936388322789192,1.9381240768152e+16
MTISYPV,3,9.96,10.25,0.02,0.999,1.0,MTISYPV.ham,7,MJ,6.0,6.0,1295.348888317061,50.84721589436544,28759.025022420294
IMRGHTF,3,14.37,14.72,0.02929843,0.618,1.0,IMRGHTF.ham,7,MJ,6.0,6.0,112431.67054027825,6.115035319587038,33558469496586.0
LVSHTKQ,3,8.81,10.98,0.02827386,0.96,1.0,LVSHTKQ.ham,7,MJ,6.0,6.0,11701.033970533275,10.666066062165493,1049299733525003.8
HTGGTND,3,5.79,6.03,0.03,0.999,1.0,HTGGTND.ham,7,MJ,6.0,6.0,1271.4753624591829,41.136136888269235,46503.229655892595
GTNSKHI,3,8.0,9.7,0.00592826,0.7879999999999999,1.0,GTNSKHI.ham,7,MJ,6.0,6.0,63605.43487976143,9.31867225148159,3795941234087017.5
YARQGTL,3,10.89,11.96,0.00014918,0.875,1.0,YARQGTL.ham,7,MJ,6.0,6.0,83006.54296825387,7.480004549144831,1.4036108121309896e+16
RYCQILRD,3,15.78,16.25,0.00218558,0.8809999999999999,1.0,RYCQILRD.ham,8,MJ,6.0,6.0,53670.478273634355,55.13388979020071,740686.1550844765
VCMLPKDY,3,19.18,19.48,0.00110403,0.893,1.0,VCMLPKDY.ham,8,MJ,6.0,6.0,65507.903728818805,61.26323245351002,656197.985850389
TVHPPFMM,3,18.93,18.95,0.00138258,0.847,1.0,TVHPPFMM.ham,8,MJ,6.0,6.0,61647.104224563285,54.56979350091905,768738.7198575854
LWYAYIRD,3,19.73,20.88,0.00119313,0.892,1.0,LWYAYIRD.ham,8,MJ,6.0,6.0,78889.85632294307,68.82132875224254,653680.4802787198
QPLMCPGL,3,19.6,20.1,0.00200703,0.8290000000000001,1.0,QPLMCPGL.ham,8,MJ,6.0,6.0,52095.12764902253,55.13388979020071,658975.2798343902
LFDRGGDV,3,18.96,19.54,0.00183657,0.8270000000000001,1.0,LFDRGGDV.ham,8,MJ,6.0,6.0,83320.3406621278,68.82132875224254,689447.5026667354
LWAHVPTI,3,22.88,23.42,0.00162885,0.823,1.0,LWAHVPTI.ham,8,MJ,6.0,6.0,83076.38693071475,76.65595830343587,653177.7162923452
MMPICRLI,3,24.93,25.65,0.00206795,0.8370000000000001,1.0,MMPICRLI.ham,8,MJ,6.0,6.0,69694.18858458413,58.50553964624164,653459.927623581
FIQFYMTL,3,27.54,27.56,0.00202984,0.883,1.0,FIQFYMTL.ham,8,MJ,6.0,6.0,98533.48272836515,95.93580214616328,645526.5295620167
WSPVEKFL,3,19.9,20.8,0.0013812999999999998,0.826,1.0,WSPVEKFL.ham,8,MJ,6.0,6.0,63805.63056720613,69.46538270747307,718572.4593850554
YVVEIRCW,3,21.32,21.87,0.00223183,0.841,1.0,YVVEIRCW.ham,8,MJ,6.0,6.0,64242.874975769875,65.19090403426591,654751.4112540522
FPPDMGYQ,3,15.94,16.17,0.00134059,0.857,1.0,FPPDMGYQ.ham,8,MJ,6.0,6.0,67317.75215666523,66.53145051865519,1235761.577406754
MFIRAGCK,3,16.49,16.63,0.00124073,0.892,1.0,MFIRAGCK.ham,8,MJ,6.0,6.0,53904.237839833215,53.57311220589486,1511450.4319520777
GMYLNCFW,3,21.47,21.61,0.00180774,0.8540000000000001,1.0,GMYLNCFW.ham,8,MJ,6.0,6.0,53476.904356743966,54.292809059379216,727552.9786575083
HDVITLCF,3,22.08,22.9,0.00170022,0.828,1.0,HDVITLCF.ham,8,MJ,6.0,6.0,67381.73710585575,54.6803216350021,652024.057522299
ILAPGMYP,3,19.16,19.35,0.00171931,0.8540000000000001,1.0,ILAPGMYP.ham,8,MJ,6.0,6.0,71189.76875761525,65.19090403426591,814614.9411229144
PVWYKNTL,3,17.37,17.69,0.00217755,0.8909999999999999,1.0,PVWYKNTL.ham,8,MJ,6.0,6.0,54677.47419836539,54.6803216350021,715986.7666875497
IFLWSGRQ,3,19.07,19.08,0.00174879,0.83,1.0,IFLWSGRQ.ham,8,MJ,6.0,6.0,65902.16345233205,70.14865505948757,704406.1901457226
PMLLEWVM,3,22.55,22.96,0.00108088,0.8759999999999999,1.0,PMLLEWVM.ham,8,MJ,6.0,6.0,57448.98682037232,56.78193019379354,652577.165233505
YAIFCGCA,3,20.32,20.39,0.0016387999999999995,0.8290000000000001,1.0,YAIFCGCA.ham,8,MJ,6.0,6.0,53573.5887826422,56.78193019379354,675384.8545454603
VSQNFVSI,3,20.53,20.84,0.00141631,0.83,1.0,VSQNFVSI.ham,8,MJ,6.0,6.0,87369.46586206046,76.65595830343587,657745.5019344805
IQQPCICM,3,21.44,21.78,0.00107166,0.878,1.0,IQQPCICM.ham,8,MJ,6.0,6.0,89168.25263016575,77.62550489788444,654076.7528598922
YVCKFLPY,3,21.41,21.58,0.00099266,0.8240000000000001,1.0,YVCKFLPY.ham,8,MJ,6.0,6.0,71011.41126718516,69.07949378099582,652562.1620704103
LLEQKCWY,3,20.77,21.4,0.0008868,0.892,1.0,LLEQKCWY.ham,8,MJ,6.0,6.0,85581.86315634674,67.53830367244286,746466.8707871353
SYNPLMLC,3,18.69,18.88,0.00092843,0.856,1.0,SYNPLMLC.ham,8,MJ,6.0,6.0,55218.0635303123,54.56979350091905,727808.1632876453
NVVNVAPW,3,17.2,17.29,0.00121818,0.8909999999999999,1.0,NVVNVAPW.ham,8,MJ,6.0,6.0,49376.13127590811,55.165351207144795,662586.445548762
IMFRQLFY,3,25.69,25.86,0.00189492,0.8270000000000001,1.0,IMFRQLFY.ham,8,MJ,6.0,6.0,77423.62617733346,57.429026746488134,652230.5576183982
VHYHWLDP,3,19.29,19.3,0.00221019,0.8809999999999999,1.0,VHYHWLDP.ham,8,MJ,6.0,6.0,70766.13297086855,69.46538270747307,651160.8180476206
VYTKYREN,3,12.99,13.75,0.00126312,0.83,1.0,VYTKYREN.ham,8,MJ,6.0,6.0,54955.75968507688,52.6773035656933,1656102.350001946
FLQGSRPM,3,19.63,19.72,0.00194175,0.8290000000000001,1.0,FLQGSRPM.ham,8,MJ,6.0,6.0,82331.84493132134,77.62550489788444,681511.5082269077
RQFKYVFI,3,19.86,19.87,0.00177216,0.8809999999999999,1.0,RQFKYVFI.ham,8,MJ,6.0,6.0,56506.73100352969,54.292809059379216,655657.0576714667
TVCGKQIF,3,18.62,19.19,0.00140306,0.892,1.0,TVCGKQIF.ham,8,MJ,6.0,6.0,58721.53197320153,57.560883024201814,1069946.942847138
IVMIIRPP,3,20.65,20.7,0.00069075,0.848,1.0,IVMIIRPP.ham,8,MJ,6.0,6.0,62495.14622085835,61.89491267030239,655190.5829724581
SEWPYLCT,3,14.95,14.96,0.00127043,0.857,1.0,SEWPYLCT.ham,8,MJ,6.0,6.0,50984.54637433157,52.6773035656933,963152.4049100718
HVQHYQKF,3,17.28,17.51,0.00080992,0.892,1.0,HVQHYQKF.ham,8,MJ,6.0,6.0,63701.44800389184,61.89491267030239,687107.3214312791
YTHCMNKI,3,18.39,18.82,0.00206699,0.83,1.0,YTHCMNKI.ham,8,MJ,6.0,6.0,69911.74955986212,76.65595830343587,669690.3860456885
IVTSWVHI,3,22.96,23.91,0.00141662,0.8240000000000001,1.0,IVTSWVHI.ham,8,MJ,6.0,6.0,84300.39620955895,75.59040080300656,650354.0199658285
WVDMVFMT,3,22.16,22.29,0.00175106,0.8909999999999999,1.0,WVDMVFMT.ham,8,MJ,6.0,6.0,68843.48155010199,66.94606829074215,660918.1659487472
RLAILMRV,3,21.23,21.3,0.00123549,0.883,1.0,RLAILMRV.ham,8,MJ,6.0,6.0,54094.79278770613,55.13388979020071,654614.051287068
PIIVSFKY,3,18.7,19.14,0.00168934,0.855,1.0,PIIVSFKY.ham,8,MJ,6.0,6.0,60758.26790490297,61.89491267030239,655521.0909652788
IHGGCCGW,3,19.82,20.54,0.00148092,0.8290000000000001,1.0,IHGGCCGW.ham,8,MJ,6.0,6.0,84824.37334054123,77.62550489788444,655012.8496063444
LDFWFYAT,3,22.07,22.12,0.00064223,0.878,1.0,LDFWFYAT.ham,8,MJ,6.0,6.0,78464.39591998755,86.76790557373026,655584.8725479549
FLMAVLHE,3,22.19,22.62,0.0019239,0.879,1.0,FLMAVLHE.ham,8,MJ,6.0,6.0,72585.7482348885,76.65595830343587,651433.4097090614
MHPMWFDW,3,22.64,23.13,0.00182503,0.826,1.0,MHPMWFDW.ham,8,MJ,6.0,6.0,89679.60170388766,76.65595830343587,656315.6675112629
TWCSGIIH,3,17.52,17.81,0.00197495,0.83,1.0,TWCSGIIH.ham,8,MJ,6.0,6.0,54592.35793827501,54.292809059379216,1164227.911956832
IMNEHRMQ,3,16.02,16.05,0.00177331,0.8540000000000001,1.0,IMNEHRMQ.ham,8,MJ,6.0,6.0,65682.36742849609,66.1977514520487,3452688.847861374
LGYRAGIF,3,22.91,23.04,0.0007864,0.892,1.0,LGYRAGIF.ham,8,MJ,6.0,6.0,80720.50883110658,85.81495039590614,652253.8783083372
WFRAGRTH,3,15.82,16.0,0.00175161,0.879,1.0,WFRAGRTH.ham,8,MJ,6.0,6.0,64865.74667270327,54.292809059379216,1550631.8357837517
IFCKLCRY,3,22.78,23.35,0.00187755,0.841,1.0,IFCKLCRY.ham,8,MJ,6.0,6.0,83846.29682312821,41.136136888269235,649634.8126684098
RIMHTFQI,3,19.86,20.05,0.00190898,0.8540000000000001,1.0,RIMHTFQI.ham,8,MJ,6.0,6.0,63209.8464644846,55.01993057408273,654013.191231773
WIFIRKDW,3,20.78,21.21,0.00169884,0.847,1.0,WIFIRKDW.ham,8,MJ,6.0,6.0,68138.09268763065,77.62550489788444,654187.1713969288
KYYTCLQW,3,17.26,17.59,0.00123206,0.879,1.0,KYYTCLQW.ham,8,MJ,6.0,6.0,55466.56829063652,55.01993057408273,660018.5569909295
MEPWWQPV,3,18.66,19.04,0.00206093,0.828,1.0,MEPWWQPV.ham,8,MJ,6.0,6.0,68934.43511707947,54.6803216350021,654516.920335159
ICYHCLCG,3,22.79,22.87,0.00220842,0.84,1.0,ICYHCLCG.ham,8,MJ,6.0,6.0,73354.02987164982,61.89491267030239,651782.7099993288
MAPVHLTI,3,22.0,22.06,0.001274,0.892,1.0,MAPVHLTI.ham,8,MJ,6.0,6.0,89282.28999862069,85.81495039590614,655351.6114725302
MWLQFACL,3,26.84,26.85,0.00229998,0.855,1.0,MWLQFACL.ham,8,MJ,6.0,6.0,68655.63883713697,56.20234423468427,654446.5976233338
IMRDHITG,3,17.09,17.82,0.00209753,0.8290000000000001,1.0,IMRDHITG.ham,8,MJ,6.0,6.0,74942.94752571119,69.46538270747307,827569.0349400975
SYLCWFMT,3,19.97,20.23,0.00068793,0.892,1.0,SYLCWFMT.ham,8,MJ,6.0,6.0,50576.02925220994,55.13388979020071,663055.7202379295
VPECWNLM,3,20.6,21.54,0.0014934000000000002,0.825,1.0,VPECWNLM.ham,8,MJ,6.0,6.0,61218.111649035476,61.89491267030239,667758.7578812286
YLDKRYYW,3,18.69,19.1,0.00216973,0.8490000000000001,1.0,YLDKRYYW.ham,8,MJ,6.0,6.0,71615.2820505609,69.46538270747307,807140.6493740369
LTYTMTFP,3,19.52,19.6,0.00071409,0.841,1.0,LTYTMTFP.ham,8,MJ,6.0,6.0,67453.12334308127,68.73740529806416,721290.3364083878
FWAPYHDY,3,19.39,19.78,0.00152698,0.855,1.0,FWAPYHDY.ham,8,MJ,6.0,6.0,83493.52345459757,67.53830367244286,657865.2875014282
ILSEAWLF,3,25.25,25.28,0.00087717,0.821,1.0,ILSEAWLF.ham,8,MJ,6.0,6.0,88452.93528274684,89.75963990343983,653705.5501454746
IMQQLAYQ,3,18.74,19.17,0.00157921,0.8270000000000001,1.0,IMQQLAYQ.ham,8,MJ,6.0,6.0,70333.52681222842,68.73740529806416,756137.1423206636
MLGETCTN,3,15.76,15.84,0.00138372,0.828,1.0,MLGETCTN.ham,8,MJ,6.0,6.0,65039.27728322749,55.24675908254882,1166642.9318937054
FVHHEMWY,3,22.39,22.82,0.00216382,0.8909999999999999,1.0,FVHHEMWY.ham,8,MJ,6.0,6.0,82784.71351706171,86.49472013582894,658346.4463395166
LPQLFNVF,3,25.85,26.94,0.00196438,0.823,1.0,LPQLFNVF.ham,8,MJ,6.0,6.0,77992.85620156775,90.22180356184839,650953.1649009344
VTRVNCAF,3,20.53,21.15,0.00211707,0.83,1.0,VTRVNCAF.ham,8,MJ,6.0,6.0,84325.38261385472,76.65595830343587,655831.6942428196
GYPWSKGI,3,14.86,14.89,0.00097939,0.8909999999999999,1.0,GYPWSKGI.ham,8,MJ,6.0,6.0,49372.93654353675,61.89491267030239,1512144.0530846282
KSAAWFIW,3,17.39,17.44,0.00162126,0.879,1.0,KSAAWFIW.ham,8,MJ,6.0,6.0,51627.66056479065,55.13388979020071,777602.4680210764
NYFPEWVI,3,19.26,19.33,0.0013151,0.828,1.0,NYFPEWVI.ham,8,MJ,6.0,6.0,52844.79716696139,54.292809059379216,670077.0235338756
HFWFFMMR,3,23.02,23.37,0.00200418,0.8270000000000001,1.0,HFWFFMMR.ham,8,MJ,6.0,6.0,54550.12963729499,52.42876255265041,654531.9909623514
VYYVFLEH,3,22.33,23.08,0.00146201,0.885,1.0,VYYVFLEH.ham,8,MJ,6.0,6.0,77821.15592202071,77.62550489788444,653029.1696078457
VPMQMWCG,3,18.25,18.46,0.00220987,0.8809999999999999,1.0,VPMQMWCG.ham,8,MJ,6.0,6.0,65675.58565250471,54.6803216350021,676034.7477395196
GGMFVGYF,3,21.97,22.23,0.00109882,0.8270000000000001,1.0,GGMFVGYF.ham,8,MJ,6.0,6.0,53420.00059189656,61.76296570145627,654091.8082868907
YCVHLNHG,3,17.42,18.03,0.00187121,0.8290000000000001,1.0,YCVHLNHG.ham,8,MJ,6.0,6.0,53058.78199173845,54.292809059379216,717001.3189221818
VTANCVIG,3,17.56,17.85,0.00096099,0.828,1.0,VTANCVIG.ham,8,MJ,6.0,6.0,68227.79736734049,55.01993057408273,817970.993493214
SWWLVFWA,3,21.17,21.19,0.00181918,0.879,1.0,SWWLVFWA.ham,8,MJ,6.0,6.0,52081.99905858251,55.13388979020071,654820.1074508938
VGMGIRII,3,22.79,22.87,0.00214249,0.823,1.0,VGMGIRII.ham,8,MJ,6.0,6.0,69355.8732964688,54.009947543955825,656060.1704417794
FHMMSTAL,3,23.68,24.02,0.0019654,0.831,1.0,FHMMSTAL.ham,8,MJ,6.0,6.0,89667.95193803463,79.60735263399744,653881.0796017285
VYLAWGSK,3,16.16,16.26,0.00133252,0.8290000000000001,1.0,VYLAWGSK.ham,8,MJ,6.0,6.0,55474.13440667678,55.13388979020071,741967.8606089278
TFMPLHWV,3,22.21,22.28,0.00108168,0.8290000000000001,1.0,TFMPLHWV.ham,8,MJ,6.0,6.0,51691.64766159085,56.86390561058657,654892.1662976712
VLRFVMMA,3,23.9,24.23,0.00161767,0.828,1.0,VLRFVMMA.ham,8,MJ,6.0,6.0,69749.35105995079,68.82132875224254,650674.2354966985
RGSKLLWF,3,19.19,19.34,0.00203032,0.847,1.0,RGSKLLWF.ham,8,MJ,6.0,6.0,63634.093796589674,64.77275780403156,656567.949124109
FYWEDPII,3,22.55,22.9,0.00090187,0.878,1.0,FYWEDPII.ham,8,MJ,6.0,6.0,82969.28203313277,76.65595830343587,651563.117031308
YCIDHDHH,3,16.31,16.34,0.00128049,0.877,1.0,YCIDHDHH.ham,8,MJ,6.0,6.0,57001.95551171077,54.6803216350021,954609.9700954478
YSNLCKQL,3,19.33,19.87,0.00204747,0.893,1.0,YSNLCKQL.ham,8,MJ,6.0,6.0,66891.43453879429,68.46793491574553,662830.406190349
VMHTGGWI,3,20.31,20.99,0.0022677,0.893,1.0,VMHTGGWI.ham,8,MJ,6.0,6.0,72924.6094645012,77.62550489788444,687224.4076338527
MAFWAQQF,3,22.91,22.95,0.00168777,0.892,1.0,MAFWAQQF.ham,8,MJ,6.0,6.0,85975.5647295279,76.65595830343587,650821.979333695
WRLTLCSG,3,18.25,18.52,0.00128626,0.855,1.0,WRLTLCSG.ham,8,MJ,6.0,6.0,66047.0009762062,61.89491267030239,659271.413701206
REEMINHW,3,15.68,15.97,0.00208997,0.826,1.0,REEMINHW.ham,8,MJ,6.0,6.0,48102.239984186075,55.13388979020071,762904.3543037154
QVHMALNM,3,18.09,18.31,0.0022099,0.825,1.0,QVHMALNM.ham,8,MJ,6.0,6.0,59777.13147360432,54.292809059379216,684925.9983507384
LHENYQLI,3,21.61,21.99,0.00219325,0.8240000000000001,1.0,LHENYQLI.ham,8,MJ,6.0,6.0,80915.60473453425,77.62550489788444,655845.130715132
DQRNGMG,3,5.97,6.46,0.02,0.999,2.0,DQRNGMG.ham,7,MJ,12.0,6.0,1224.8337013129783,44.428046772077934,33897.78341521007
SLRFRLK,3,11.31,11.42,0.01,0.999,2.0,SLRFRLK.ham,7,MJ,12.0,6.0,9859.986973336547,16.1555325162013,3709057237225340.5
TPIWYMY,3,11.36,12.43,0.03,0.999,2.0,TPIWYMY.ham,7,MJ,12.0,6.0,1710.4943996210152,35.60548446818284,42726.747178952464
MQCRMGMR,3,15.5,15.82,0.00117244,0.892,2.0,MQCRMGMR.ham,8,MJ,12.0,6.0,55651.62959655448,54.6803216350021,982266.689283093
THFHTLLV,3,21.05,21.16,0.00136239,0.892,2.0,THFHTLLV.ham,8,MJ,12.0,6.0,57254.21936863796,55.13388979020071,654208.0536816072
HCKLCFTF,3,21.58,22.68,0.00187855,0.845,2.0,HCKLCFTF.ham,8,MJ,12.0,6.0,69662.38491005912,60.76207356414598,654463.3400981376
MLFFKFVM,3,28.24,28.64,0.00161239,0.892,2.0,MLFFKFVM.ham,8,MJ,12.0,6.0,83124.0012499429,95.85578357048418,649545.4095091431
VLISYAPC,3,20.95,21.74,0.00154576,0.885,2.0,VLISYAPC.ham,8,MJ,12.0,6.0,69824.11624725528,86.49472013582894,655589.9083325198
PGPCWHCV,3,16.98,17.75,0.00214429,0.83,2.0,PGPCWHCV.ham,8,MJ,12.0,6.0,48426.51600115219,57.15267784345885,813627.7016227136
LFLRPHSP,3,18.54,18.81,0.00118075,0.892,2.0,LFLRPHSP.ham,8,MJ,12.0,6.0,70429.44122775247,69.46538270747307,691754.172546231
KCKNYQN,3,6.75,7.13,0.01,0.999,4.5,KCKNYQN.ham,7,MJ,27.0,6.0,12076.393675294361,7.774053998597359,2066463311869.7012
NAHNDWS,3,7.05,7.67,0.02,0.999,4.5,NAHNDWS.ham,7,MJ,27.0,6.0,4702.474899610187,12.286332256641339,3304300094827628.5
EAMGIDC,3,8.15,8.76,0.02,0.999,4.5,EAMGIDC.ham,7,MJ,27.0,6.0,638.1854822324202,78.7052832515768,8726.64162477568
MFQDWDS,3,10.18,10.36,0.01,0.999,4.5,MFQDWDS.ham,7,MJ,27.0,6.0,678.6589561992324,78.7052832515768,8334.305846952908
EQVSDVR,3,8.19,8.8,0.02,0.999,4.5,EQVSDVR.ham,7,MJ,27.0,6.0,1541.5188467122757,41.446757612941596,33166.4834971735
TFRRMTN,3,10.31,10.32,0.00988915,0.986,4.5,TFRRMTN.ham,7,MJ,27.0,6.0,776.1166376588894,76.12047456166637,8884.721200431775
KDAAPMK,3,6.42,6.93,0.02,0.999,4.5,KDAAPMK.ham,7,MJ,27.0,6.0,3165.2339239531498,13.563059790694705,2254836231285537.5
YSFGMWA,3,10.82,11.18,0.02,0.999,4.5,YSFGMWA.ham,7,MJ,27.0,6.0,11504.895190843596,22.257319590967096,6426515994743727.0
STTWRKV,3,8.64,9.69,0.01,0.999,5.0,STTWRKV.ham,7,MJ,30.0,6.0,137966.37769606445,12.668075517714346,3874867055035455.5
DTHATGI,3,8.61,10.2,0.03,0.999,5.0,DTHATGI.ham,7,MJ,30.0,6.0,44414.27377228359,925.7464138345576,47556.310745255934
KGDQPRG,3,4.53,5.82,0.01,0.999,5.0,KGDQPRG.ham,7,MJ,30.0,6.0,1074.365599294208,84.22337479222794,45738.19269496917
LRAFTRM,3,13.84,14.43,0.01372159,0.868,5.0,LRAFTRM.ham,7,MJ,30.0,6.0,1099.3329987392963,45.251296526389574,29723.055005906397
GNPEPRF,3,7.31,9.03,0.01234675,0.757,5.0,GNPEPRF.ham,7,MJ,30.0,6.0,84252.33922893653,8.115090293057937,309914591321.13947
EANTDNM,3,7.45,8.96,0.02,0.999,5.0,EANTDNM.ham,7,MJ,30.0,6.0,426540549.2647601,963.6937492772863,517583329.3987584
PYNLKPM,3,11.32,13.07,0.03,0.999,5.0,PYNLKPM.ham,7,MJ,30.0,6.0,33509.16552633964,11.766809747828923,1.346857553803643e+16
SGDRETI,3,7.41,9.37,0.01138852,0.674,5.0,SGDRETI.ham,7,MJ,30.0,6.0,62270.20274674528,9.681729444384308,952706581999460.4
DCIKQFC,3,12.28,13.96,0.01,0.999,5.0,DCIKQFC.ham,7,MJ,30.0,6.0,2459.721361492917,17.916076848623053,41865038392.51869
SVLVRVK,3,9.53,12.02,0.02,0.999,9.5,SVLVRVK.ham,7,MJ,57.0,6.0,5410.561775631234,13.75851744694848,1312012646338055.2
TFFMDP,3,6.15,7.76,0.03,0.999,1.0,TFFMDP.ham,6,MJ,9.0,9.0,483.138559564038,25.684892506824195,8003.174417259998
QNDGQL,3,5.75,7.44,0.04313043,0.7829999999999999,1.0,QNDGQL.ham,6,MJ,9.0,9.0,869.0677723861373,38.123309266109175,4006.080927282827
WVRQRQ,3,6.18,6.22,0.04,0.999,1.0,WVRQRQ.ham,6,MJ,9.0,9.0,336.37478720020397,25.030041411563037,8000.589278474943
GSIDRA,3,6.17,6.89,0.0275845,0.863,1.0,GSIDRA.ham,6,MJ,9.0,9.0,696.2746526669483,40.35747466112899,4066.0779567440463
EDWTTR,3,5.15,5.68,0.05299999,0.799,1.0,EDWTTR.ham,6,MJ,9.0,9.0,840.786502233204,54.29448953879695,4000.847265858854
AKGREL,3,6.74,9.07,0.03,0.999,1.0,AKGREL.ham,6,MJ,9.0,9.0,557.4890992175606,26.340044380861737,8000.361135661634
IFGSDI,3,10.06,10.32,0.04,0.999,1.0,IFGSDI.ham,6,MJ,9.0,9.0,449.9926182320132,24.152746872313205,7994.353085347167
GRYGDS,3,4.6,5.02,0.04523214,0.8490000000000001,1.0,GRYGDS.ham,6,MJ,9.0,9.0,873.7226320648199,41.60168929193124,4007.138394234259
GQRNNQ,3,3.46,3.54,0.03,0.999,1.0,GQRNNQ.ham,6,MJ,9.0,9.0,423.33134891431877,24.8157168734994,8018.913803601312
LQDQFE,3,7.63,7.69,0.04986393,0.794,1.0,LQDQFE.ham,6,MJ,9.0,9.0,1706.1287104823452,71.14347312814682,4019.752617623777
GFAMKN,3,5.13,5.23,0.03,0.999,1.0,GFAMKN.ham,6,MJ,9.0,9.0,331.95933410555756,23.383107867389988,8018.824673847555
APSNGV,3,5.91,7.09,0.02677951,0.846,1.0,APSNGV.ham,6,MJ,9.0,9.0,1063.860953332749,37.18436945339705,4142.913821005277
MWCGGT,3,6.9,6.93,0.02630034,0.843,1.0,MWCGGT.ham,6,MJ,9.0,9.0,2115.074402448757,66.04320436003447,4217.840011120645
FATECQ,3,7.66,7.67,0.00937066,0.92,1.0,FATECQ.ham,6,MJ,9.0,9.0,1581.3964840689564,35.23534639620456,12543.02097242107
CPHKTK,3,3.85,3.9,0.05,0.999,1.0,CPHKTK.ham,6,MJ,9.0,9.0,353.68947902879614,24.152746872313205,8000.484636333269
MWNSED,3,5.56,5.6,0.04,0.999,1.0,MWNSED.ham,6,MJ,9.0,9.0,313.9990431254622,23.383107867389988,8000.690716142951
NPCESL,3,7.34,9.57,0.04997186,0.746,1.0,NPCESL.ham,6,MJ,9.0,9.0,695.7337022558103,41.972161957516526,4000.7822101172605
RAPGDL,3,5.92,8.23,0.02,0.999,1.0,RAPGDL.ham,6,MJ,9.0,9.0,573.9549339845455,25.981481440500843,8092.709028665941
NADTQS,3,3.47,3.51,0.00894166,0.952,1.0,NADTQS.ham,6,MJ,9.0,9.0,1102.810472733582,29.947368272467504,11725.1177407896
HKTHIT,3,5.43,5.47,0.04,0.999,1.0,HKTHIT.ham,6,MJ,9.0,9.0,354.2803100932185,25.288795140484268,8000.583205008911
PQWPRE,3,4.25,4.74,0.04651208,0.875,1.0,PQWPRE.ham,6,MJ,9.0,9.0,587.6096952457755,39.514436458761125,4002.9132766670155
DAHRGQ,3,3.77,4.27,0.01944837,0.914,1.0,DAHRGQ.ham,6,MJ,9.0,9.0,1306.7957676156618,46.59144934800569,5447.772778356021
LAKRVE,3,7.62,7.63,0.00920648,0.928,1.0,LAKRVE.ham,6,MJ,9.0,9.0,1569.0810211320695,34.08174411041254,13689.012423628095
NSEEEM,3,4.46,5.84,0.03,0.999,1.0,NSEEEM.ham,6,MJ,9.0,9.0,502.69580257687903,25.981481440500843,8003.309248516703
KPFDQT,3,5.59,5.96,0.04643611,0.873,1.0,KPFDQT.ham,6,MJ,9.0,9.0,407.40418289696225,35.86077716500797,4000.4470848456303
RHAIVC,3,6.2,7.2,0.05,0.999,1.0,RHAIVC.ham,6,MJ,9.0,9.0,373.6598305840015,24.152746872313205,8000.415535566605
QSTHTG,3,3.74,4.06,0.02,0.999,1.0,QSTHTG.ham,6,MJ,9.0,9.0,399.9873183565993,22.274038938503253,8262.584417466212
NMIWSG,3,5.52,6.85,0.04,0.999,1.0,NMIWSG.ham,6,MJ,9.0,9.0,455.35370412456916,24.152746872313205,8000.245664119625
MQYRWS,3,6.14,6.15,0.01,0.999,1.0,MQYRWS.ham,6,MJ,9.0,9.0,376.77039667810465,23.63903360749117,9225.836399907572
KGIFMV,3,8.54,9.41,0.02728526,0.852,1.0,KGIFMV.ham,6,MJ,9.0,9.0,702.6654145141632,38.123309266109175,4049.9660124503253
TRKTHY,3,5.17,5.61,0.0356052,0.841,1.0,TRKTHY.ham,6,MJ,9.0,9.0,1258.2636520407987,52.2814112093953,4044.9111580525073
TFVMDD,3,5.31,5.99,0.03,0.999,1.0,TFVMDD.ham,6,MJ,9.0,9.0,363.91145656553783,24.227267718689983,8009.598574265209
QAKQEE,3,3.22,3.34,0.03,0.999,1.0,QAKQEE.ham,6,MJ,9.0,9.0,453.49437750110366,24.8157168734994,8024.7504754499905
GQRRPS,3,3.54,3.55,0.00902763,0.951,1.0,GQRRPS.ham,6,MJ,9.0,9.0,1124.357815590083,32.33608473861071,11551.037805954518
DTGCHR,3,4.7,4.71,0.00901633,0.946,1.0,DTGCHR.ham,6,MJ,9.0,9.0,1343.153428044903,31.627750051514862,12261.347240138986
CVSHHP,3,6.65,6.67,0.02,0.999,1.0,CVSHHP.ham,6,MJ,9.0,9.0,325.82470910507635,24.22725359348769,8145.642346683123
DQNWCD,3,4.06,4.52,0.00871852,0.954,1.0,DQNWCD.ham,6,MJ,9.0,9.0,1106.2125711452081,29.931063010172373,12166.432961039489
DRFTAA,3,6.51,6.61,0.028153300000000006,0.879,1.0,DRFTAA.ham,6,MJ,9.0,9.0,529.3534117723683,35.533222100661476,4031.3321629373336
WILEKH,3,7.53,8.52,0.01802866,0.858,1.0,WILEKH.ham,6,MJ,9.0,9.0,1179.73734560465,39.09424777588585,4802.240004850261
LKYDFV,3,9.88,11.1,0.04,0.999,1.0,LKYDFV.ham,6,MJ,9.0,9.0,480.39263528400664,26.51973285646654,7998.330338304017
NNSATR,3,3.48,3.52,0.03649302,0.865,1.0,NNSATR.ham,6,MJ,9.0,9.0,1615.777558291247,72.42296115172046,4061.3839428917595
ILEPNI,3,10.28,10.3,0.02,0.999,1.0,ILEPNI.ham,6,MJ,9.0,9.0,437.0381638693974,24.8157168734994,8050.346945794272
ETSHTF,3,6.17,7.58,0.03,0.999,1.0,ETSHTF.ham,6,MJ,9.0,9.0,502.21746953383314,26.51973285646654,8001.103745860857
GLTINT,3,5.86,5.9,0.04,0.999,1.0,GLTINT.ham,6,MJ,9.0,9.0,322.5473272830735,23.383107867389988,8000.233834418616
RDKYIQ,3,4.96,4.97,0.00838216,0.949,1.0,RDKYIQ.ham,6,MJ,9.0,9.0,1522.4439725499176,29.805924250591282,14893.91954771126
GREADD,3,3.88,3.9,0.02,0.999,1.0,GREADD.ham,6,MJ,9.0,9.0,339.7361313702588,23.383107867389988,8306.582302754086
WTKEYV,3,8.17,8.19,0.01777606,0.856,1.0,WTKEYV.ham,6,MJ,9.0,9.0,1743.3268410108217,55.83551446320621,5131.481677201534
RTIANT,3,5.86,5.93,0.04528864,0.8420000000000001,1.0,RTIANT.ham,6,MJ,9.0,9.0,568.1262128084719,38.123309266109175,4001.962309104226
VRPSVE,3,5.72,5.74,0.01863649,0.893,1.0,VRPSVE.ham,6,MJ,9.0,9.0,1885.800465577282,46.43546776914699,6165.306256682444
QRRNPR,3,3.5,3.51,0.01,0.999,1.0,QRRNPR.ham,6,MJ,9.0,9.0,412.4119222117921,24.03707262811694,9679.274568406272
NTRWCP,3,4.64,4.77,0.03597897,0.861,1.0,NTRWCP.ham,6,MJ,9.0,9.0,1396.1542187769044,52.21418715133368,4091.4995099067396
FRTKWV,3,9.7,9.75,0.04085491,0.752,1.0,FRTKWV.ham,6,MJ,9.0,9.0,1238.5503044191657,59.032802799137635,4012.344297512669
WMSRGV,3,8.57,8.59,0.02,0.999,1.0,WMSRGV.ham,6,MJ,9.0,9.0,413.3342075534184,26.341862543533473,8078.5548482834865
TQCENH,3,5.34,6.02,0.03,0.999,1.0,TQCENH.ham,6,MJ,9.0,9.0,528.9270817616435,25.981481440500843,8002.4350858118205
LKRDFG,3,7.52,7.56,0.04,0.999,1.0,LKRDFG.ham,6,MJ,9.0,9.0,327.97428390303594,24.152746872313205,8000.235976240393
AQVNTV,3,7.36,9.56,0.04965785,0.7440000000000001,1.0,AQVNTV.ham,6,MJ,9.0,9.0,758.1265403623356,43.5611393362019,4001.114886912621
QDKNNY,3,4.68,5.57,0.03,0.999,1.0,QDKNNY.ham,6,MJ,9.0,9.0,466.962300931615,26.341862543533473,8005.085914781906
MKYQFD,3,5.93,6.06,0.05162526,0.7929999999999999,1.0,MKYQFD.ham,6,MJ,9.0,9.0,1054.711444267053,50.82930634341359,4004.1466248929196
NRIDGM,3,7.7,8.97,0.03552884,0.8190000000000001,1.0,NRIDGM.ham,6,MJ,9.0,9.0,696.1076910100429,40.67204170894618,4012.9209390863625
KPTDRT,3,3.43,3.8,0.01972048,0.917,1.0,KPTDRT.ham,6,MJ,9.0,9.0,931.1125889227624,37.12439447004476,5173.961802974376
WQIQVN,3,6.31,6.35,0.04,0.999,1.0,WQIQVN.ham,6,MJ,9.0,9.0,387.1241454614877,25.259866336175264,8000.253259729308
CDYERY,3,6.45,8.33,0.01807108,0.858,1.0,CDYERY.ham,6,MJ,9.0,9.0,969.0718699322014,21.305918261603516,4767.927373726132
SQGSPM,3,5.06,6.42,0.05170017,0.7759999999999999,1.0,SQGSPM.ham,6,MJ,9.0,9.0,941.7081630381996,56.299293679022064,4001.788725799462
TRGAEK,3,3.58,3.63,0.05,0.999,1.0,TRGAEK.ham,6,MJ,9.0,9.0,334.63354459555916,23.383107867389988,8000.5762443842095
GWCYES,3,4.83,5.87,0.02,0.999,1.0,GWCYES.ham,6,MJ,9.0,9.0,396.47121318840954,23.383107867389988,8202.70648470751
GGKMWA,3,5.7,5.73,0.02681118,0.866,1.0,GGKMWA.ham,6,MJ,9.0,9.0,1367.1329438691337,30.890769114688478,4543.425532154429
KDCSEC,3,6.49,7.39,0.03,0.999,1.0,KDCSEC.ham,6,MJ,9.0,9.0,818.2199866620263,28.145656773094746,8001.945248820137
SDDRNW,3,4.67,5.83,0.05205745,0.782,1.0,SDDRNW.ham,6,MJ,9.0,9.0,952.1022291866793,54.108218269050006,4002.0322143815374
FWLNPE,3,7.31,7.34,0.02,0.999,1.0,FWLNPE.ham,6,MJ,9.0,9.0,384.697726016551,23.63903360749117,8093.394183700522
MVFRRW,3,9.28,11.71,0.05,0.999,1.0,MVFRRW.ham,6,MJ,9.0,9.0,525.0146925237075,26.340044380861737,7992.1892477701585
WWIFLS,3,9.15,9.68,0.02,0.999,1.0,WWIFLS.ham,6,MJ,9.0,9.0,379.91801069932217,25.288795140484268,8094.782264279955
YFLCGP,3,7.39,8.36,0.03,0.999,1.0,YFLCGP.ham,6,MJ,9.0,9.0,398.19700563879945,24.8157168734994,8000.133837375019
RADRED,3,3.8,3.84,0.04,0.999,1.0,RADRED.ham,6,MJ,9.0,9.0,374.70747335667824,23.383107867389988,8000.760716681356
HHKESC,3,5.71,5.75,0.04,0.999,1.0,HHKESC.ham,6,MJ,9.0,9.0,397.9717002397397,26.51973285646654,8000.50314959495
APSENT,3,3.85,4.28,0.01914614,0.8959999999999999,1.0,APSENT.ham,6,MJ,9.0,9.0,2355.5377831078986,85.72027336010147,5271.367277876894
DRCKPM,3,6.67,7.56,0.01865358,0.872,1.0,DRCKPM.ham,6,MJ,9.0,9.0,573.0376249881391,25.28773619569301,4530.769006504182
ETFRAG,3,5.35,6.4,0.04661811,0.878,1.0,ETFRAG.ham,6,MJ,9.0,9.0,411.180635047421,36.91971819789795,4000.703527235884
LPHKVN,3,7.06,7.11,0.05,0.999,1.0,LPHKVN.ham,6,MJ,9.0,9.0,327.1830556920743,24.152746872313205,8000.317765581369
GTRPPW,3,5.32,6.83,0.02694858,0.85,1.0,GTRPPW.ham,6,MJ,9.0,9.0,976.9697781273416,38.10553277209146,4132.650666057397
SGKSRG,3,3.49,3.54,0.04465816,0.856,1.0,SGKSRG.ham,6,MJ,9.0,9.0,1484.3341859909212,79.2226750517111,4028.5119017544885
ETQCAA,3,3.83,4.16,0.04535269,0.8590000000000001,1.0,ETQCAA.ham,6,MJ,9.0,9.0,1191.6496835553878,66.1671831321038,4017.4330934500103
PHKANH,3,4.28,4.33,0.04436423,0.848,1.0,PHKANH.ham,6,MJ,9.0,9.0,981.2791545189351,14.11532750144998,4028.2351549154887
IFRSEK,3,6.53,6.57,0.03373126,0.845,1.0,IFRSEK.ham,6,MJ,9.0,9.0,2790.6260671462314,96.16379791569092,4203.858313691167
SEHHHP,3,3.82,4.36,0.03680999,0.867,1.0,SEHHHP.ham,6,MJ,9.0,9.0,1267.2274053320555,67.21261245131507,4039.7822465223308
YIHRDD,3,5.92,5.93,0.0093541,0.935,1.0,YIHRDD.ham,6,MJ,9.0,9.0,1956.260773153136,45.64410919564051,11768.035469945708
SQFRGL,3,8.9,11.2,0.03462546,0.7829999999999999,1.0,SQFRGL.ham,6,MJ,9.0,9.0,756.1305051531506,37.12439447004476,4012.699698125462
MWPNSI,3,9.01,9.78,0.03382579,0.779,1.0,MWPNSI.ham,6,MJ,9.0,9.0,1935.992766696602,132.9997005370027,4046.268679110679
VRFSVE,3,6.23,6.61,0.01848722,0.872,1.0,VRFSVE.ham,6,MJ,9.0,9.0,2111.2327764470533,67.96331601947938,4961.13119558872
IVQEPW,3,9.05,9.1,0.04123142,0.76,1.0,IVQEPW.ham,6,MJ,9.0,9.0,1341.0492720294358,64.88616016063378,4014.499791304301
FIQDSP,3,7.73,7.77,0.03430104,0.823,1.0,FIQDSP.ham,6,MJ,9.0,9.0,2343.706578305942,87.55830893747749,4100.063023379932
QRPLLD,3,5.49,5.5,0.01,0.999,1.0,QRPLLD.ham,6,MJ,9.0,9.0,328.37895266601566,22.274038938503253,9405.159409759985
FMASHP,3,8.23,8.27,0.04,0.999,1.0,FMASHP.ham,6,MJ,9.0,9.0,324.5941695752385,23.383107867389988,8000.055389055492
GPFWMF,3,10.68,11.39,0.02642363,0.8190000000000001,1.0,GPFWMF.ham,6,MJ,9.0,9.0,1148.0067089636977,52.32274242535602,4076.3052312576497
PKPDHE,3,2.59,2.61,0.01971546,0.927,2.0,PKPDHE.ham,6,MJ,18.0,9.0,1250.9544226488008,45.593756029398826,5890.418045432057
HFHFAE,3,6.92,6.96,0.03459178,0.8440000000000001,2.0,HFHFAE.ham,6,MJ,18.0,9.0,2533.014605213743,128.99216337624924,4138.4030172120265
NWNWQV,3,5.9,5.94,0.03523581,0.8370000000000001,2.0,NWNWQV.ham,6,MJ,18.0,9.0,1900.3852014125089,92.82029064123756,4056.201133655882
NPNGQT,3,3.62,3.76,0.01,0.999,2.0,NPNGQT.ham,6,MJ,18.0,9.0,408.09480147286706,21.8942885859572,9691.815291019537
NSDNSK,3,2.89,3.36,0.01,0.999,2.0,NSDNSK.ham,6,MJ,18.0,9.0,444.3869053531369,23.66453264395807,10037.724638978754
WKKRLL,3,9.51,9.55,0.04,0.999,2.0,WKKRLL.ham,6,MJ,18.0,9.0,427.520780980794,25.728286918135716,7996.890769843857
YWYMCQ,3,7.88,7.92,0.03428685,0.8270000000000001,2.0,YWYMCQ.ham,6,MJ,18.0,9.0,2068.4238743810324,68.98451157911128,4101.989319973201
