Sequence,Model,Dimension,Energy of ground state,Multiplicity of ground state,Energy of first excited state,Multiplicity of first excited state,Ground/first ratio,Hamiltonian file,Gap,Gap position,Time,Sample time,Baseline
KNVRRPDRD,MJ,2,8.66,1.0,8.07,1.0,1.0,KNVRRPDRD.ham,0.11164219,0.299,710.8101788256936,434.45183654268436,165222320505.75226
MWHLNANPI,MJ,2,20.85,1.0,19.58,1.0,1.0,MWHLNANPI.ham,0.2225531,0.221,231.71518656980007,134.63021126844745,44786.5550526692
KMIKPSYGD,MJ,2,11.0,1.0,10.29,1.0,1.0,KMIKPSYGD.ham,0.036154,0.383,1872.359944441139,69.56008270926938,2338700823.830577
FAEVNLVYR,MJ,2,21.06,1.0,19.25,1.0,1.0,FAEVNLVYR.ham,0.32547897,0.265,141.77006048964117,120.81021803411342,25336.356458737846
VKMRYTKPN,MJ,2,11.24,1.0,11.06,1.0,1.0,VKMRYTKPN.ham,0.03551838,0.395,2106.14697102913,39.4714318160525,27948000595132.55
IHMTECMVY,MJ,2,19.1,1.0,17.86,1.0,1.0,IHMTECMVY.ham,0.31092234,0.252,132.90450180278805,122.1828460285645,9067.626743852534
MQEYVHAQC,MJ,2,15.04,1.0,14.28,1.0,1.0,MQEYVHAQC.ham,0.27782899,0.287,179.36664754227266,123.70447330628816,59511.70036640802
FIKWMIRYQ,MJ,2,22.33,1.0,20.88,1.0,1.0,FIKWMIRYQ.ham,0.14612246,0.317,177.64902036425082,122.1828460285645,2771.086188285399
NQSNLAPSE,MJ,2,11.31,1.0,9.8,1.0,1.0,NQSNLAPSE.ham,0.29945865,0.227,374.34840292559585,138.43037693187048,3615415727.719205
YMKGINAHT,MJ,2,15.0,1.0,13.68,1.0,1.0,YMKGINAHT.ham,0.19087784,0.256,445.7355915584986,117.60507780083468,1115816.7647179407
QLSLKWCHH,MJ,2,17.62,1.0,16.2,1.0,1.0,QLSLKWCHH.ham,0.21535192,0.252,1147.2096902039775,451.13096421767716,24420.266419670486
TILRESPLL,MJ,2,20.23,1.0,19.33,1.0,1.0,TILRESPLL.ham,0.01261668,0.295,475.80644052333423,121.64981249487423,14882.287462988032
SFLFFADND,MJ,2,16.5,1.0,16.15,1.0,1.0,SFLFFADND.ham,0.10780294,0.312,1003.6953761767475,639.7003003631629,21850.56512401474
GWVVCALLI,MJ,2,21.36,1.0,20.57,1.0,1.0,GWVVCALLI.ham,0.07529718,0.35600000000000004,855.574318163429,530.6463584989185,1167.077833722743
EPNHYIFWD,MJ,2,15.18,1.0,13.44,1.0,1.0,EPNHYIFWD.ham,0.28042519,0.28,897.76666676188,375.1659797588676,146180.97843606796
KWITGFFLK,MJ,2,17.88,1.0,17.25,1.0,1.0,KWITGFFLK.ham,0.11959075,0.28800000000000003,1880.1655878570227,122.7722695795522,43529.62843532623
WNYFHHNWV,MJ,2,18.03,1.0,17.76,1.0,1.0,WNYFHHNWV.ham,0.12994129,0.994,207.0941932737259,122.1828460285645,23827.19634517693
FLWKISCFV,MJ,2,21.14,1.0,21.12,1.0,1.0,FLWKISCFV.ham,0.14293616,0.219,1722.5803018502993,764.0791842934532,3104.9710441977463
RHWWWAGWL,MJ,2,19.0,1.0,17.01,1.0,1.0,RHWWWAGWL.ham,0.09377959,0.317,2158.4124048368744,67.53830367244286,20252710.439284895
WMFQKQNKP,MJ,2,14.02,1.0,12.36,1.0,1.0,WMFQKQNKP.ham,0.22073471,0.2,526.8945895312498,292.91090299967516,60090721.26938407
WNQCVKTIF,MJ,2,18.69,1.0,17.37,1.0,1.0,WNQCVKTIF.ham,0.06419882,0.402,14795.327467705236,15.988526777140255,458900748.4628926
KRFNAYRVN,MJ,2,14.8,1.0,14.44,1.0,1.0,KRFNAYRVN.ham,0.19349277,0.238,816.226725373066,402.4277582248599,2491720.621351768
CWHYANWLR,MJ,2,17.19,1.0,15.99,1.0,1.0,CWHYANWLR.ham,0.16434573,0.29,1141.459488136027,506.57729974450706,11997.43915103211
FVECSINTL,MJ,2,23.63,1.0,23.4,1.0,1.0,FVECSINTL.ham,0.39085484,0.185,166.88812624126498,121.89525149519787,69748.68119758557
AFCSVRAGH,MJ,2,14.44,1.0,13.61,1.0,1.0,AFCSVRAGH.ham,0.08829760000000003,0.405,505.619841440904,349.15882230929327,174906.02255821365
ANCKYIGFI,MJ,2,17.6,1.0,16.11,1.0,1.0,ANCKYIGFI.ham,0.17173165,0.5589999999999999,203.11173523058144,121.64981249487423,12414.589702908494
CQEAVFIYD,MJ,2,15.89,1.0,15.19,1.0,1.0,CQEAVFIYD.ham,0.09967488,0.387,14115.717577078482,12.103932855369806,190786757.29524574
RFEGHNIPQ,MJ,2,14.72,1.0,14.03,1.0,1.0,RFEGHNIPQ.ham,0.21570368,0.209,268.1453099013324,156.67804830559334,11913369.003892703
MNDVTTNLF,MJ,2,20.73,1.0,18.99,1.0,1.0,MNDVTTNLF.ham,0.08430801,0.334,7741.18244358155,20.72456935056298,4786032374.643119
NDKKKPLWF,MJ,2,14.16,1.0,14.09,1.0,1.0,NDKKKPLWF.ham,0.006974299999999999,0.591,7233.662596528506,42.0503758334999,1263147293.0400705
RMEMCCCND,MJ,2,14.03,1.0,12.72,1.0,1.0,RMEMCCCND.ham,0.0455532,0.301,17812.188742157185,681.7040745372553,141033535.82278758
DRQQFVWDQ,MJ,2,11.48,1.0,10.8,1.0,1.0,DRQQFVWDQ.ham,0.17432999999999998,0.301,370.92920656061034,124.9914149336705,560430105.4396901
VRSEDSNAW,MJ,2,13.43,1.0,13.17,1.0,1.0,VRSEDSNAW.ham,0.01339638,0.4,1362.3906858349583,98.52770524609068,696727631642.1322
YATNAGENF,MJ,2,15.45,1.0,13.34,1.0,1.0,YATNAGENF.ham,0.28237816,0.222,782.8316762238759,347.0546197167458,5236292.994487833
RTAWIYAGT,MJ,2,14.19,1.0,11.2,1.0,1.0,RTAWIYAGT.ham,0.30792035,0.244,504.826788592028,246.06853485219628,260152.46882205925
MVNWEQQGS,MJ,2,15.29,1.0,12.24,1.0,1.0,MVNWEQQGS.ham,0.29088993,0.207,281.9929515063505,157.23371573082355,3881901.530681058
YLCNKNVVM,MJ,2,16.93,1.0,16.88,1.0,1.0,YLCNKNVVM.ham,0.01264666,0.7509999999999999,2700.514838145733,24.073049831794027,1872395545.8752942
YRCRMWMQF,MJ,2,17.09,1.0,15.37,1.0,1.0,YRCRMWMQF.ham,0.11929405,0.298,954.347178101886,471.0718754346738,5398.613044674458
WRDQGRAVA,MJ,2,13.53,1.0,11.7,1.0,1.0,WRDQGRAVA.ham,0.29305345,0.212,281.1780799396109,168.71134806400687,24094435.845907874
LTKRETCYA,MJ,2,16.36,1.0,14.04,1.0,1.0,LTKRETCYA.ham,0.27492878,0.19,198.51226695215738,135.53265095227104,431098.5336246216
CWMCHFDMI,MJ,2,23.24,1.0,23.11,1.0,1.0,CWMCHFDMI.ham,0.14844821,0.224,526.3652487131629,197.7536708720735,1191.9326725699632
VSQTVEPVE,MJ,2,14.5,1.0,14.09,1.0,1.0,VSQTVEPVE.ham,0.20873606,0.28,324.17942696979577,203.7833075305316,16949442.703502234
MVLQNHTRD,MJ,2,14.35,1.0,12.88,1.0,1.0,MVLQNHTRD.ham,0.24703145,0.222,641.1145401443463,309.09270369558004,613976.1328827624
STEFHVDWE,MJ,2,13.01,1.0,11.8,1.0,1.0,STEFHVDWE.ham,0.10194758,0.306,2111.47868715836,646.8409691512825,48595770.423429206
WLYHFVAFE,MJ,2,21.87,1.0,20.7,1.0,1.0,WLYHFVAFE.ham,0.13600227,0.294,1593.2098346178375,776.6208223484683,4130.282549894454
NYSAQAYYF,MJ,2,18.04,1.0,15.28,1.0,1.0,NYSAQAYYF.ham,0.2808297,0.215,698.9636673808441,276.1158866312787,158316.84401411383
LTNNCVTPV,MJ,2,17.88,1.0,16.01,1.0,1.0,LTNNCVTPV.ham,0.28360573,0.21,144.1657771050695,121.98557513848566,413976.73010319663
EVWWVRGLL,MJ,2,20.41,1.0,20.24,1.0,1.0,EVWWVRGLL.ham,0.05606951,0.33,2070.257622229188,222.45485101046737,4512.63347949417
NNQCWALMT,MJ,2,14.84,1.0,13.57,1.0,1.0,NNQCWALMT.ham,0.20866464,0.289,887.8423194999533,449.8994979338675,1020351.0240810673
HTKRQFLSP,MJ,2,14.73,1.0,12.62,1.0,1.0,HTKRQFLSP.ham,0.33901235,0.218,760.3204090248558,375.73881962441203,2236306.0447659492
SFIYTRDQW,MJ,2,16.24,1.0,15.72,1.0,1.0,SFIYTRDQW.ham,0.22865616,0.21600000000000005,580.4177888913388,310.04317411434783,76439.00117058106
QPHADYRCP,MJ,2,10.76,1.0,9.97,1.0,1.0,QPHADYRCP.ham,0.05612555,0.302,1213.2438635614142,79.68020079640986,1045947065.0029383
CAVVHRHDW,MJ,2,14.82,1.0,14.33,1.0,1.0,CAVVHRHDW.ham,0.03141137,0.409,11447.241118209187,98.52770524609068,422831787341.4934
FLGVWKPDH,MJ,2,17.67,1.0,15.92,1.0,1.0,FLGVWKPDH.ham,0.30373173,0.221,191.6845719355426,124.84738004034415,70218.2122348244
KYHELAKIM,MJ,2,17.62,1.0,16.91,1.0,1.0,KYHELAKIM.ham,0.06911457,0.278,642.8076192468696,121.64981249487423,62927.21395281897
WFCKFKMIW,MJ,2,20.26,1.0,19.88,1.0,1.0,WFCKFKMIW.ham,0.16435449,0.639,383.27418043517093,121.89525149519787,1958.6982018923052
YSNVFQRWA,MJ,2,17.19,1.0,15.44,1.0,1.0,YSNVFQRWA.ham,0.18528304,0.29100000000000004,678.4594927459376,188.1014703112589,71690.68842705408
NRMHQDTVD,MJ,2,12.26,1.0,10.72,1.0,1.0,NRMHQDTVD.ham,0.29884793,0.225,363.51297143283375,203.89084633747893,234139421.52283746
RRLGWHVKG,MJ,2,11.35,1.0,10.5,1.0,1.0,RRLGWHVKG.ham,0.09115811,0.301,1174.271887866273,521.9100986621746,965290515.7004771
YHSEIGWIQ,MJ,2,15.93,1.0,15.11,1.0,1.0,YHSEIGWIQ.ham,0.05754543,0.31,1239.0190028307463,90.41952266807314,9398717.549217952
SKINWGSGQ,MJ,2,10.43,1.0,9.64,1.0,1.0,SKINWGSGQ.ham,0.11303230000000004,0.299,832.9830497341577,434.4601317618219,8541195820.789354
GMSALDGEC,MJ,2,15.16,1.0,14.99,1.0,1.0,GMSALDGEC.ham,0.05632741,0.319,984.3143417318499,90.64705649948706,22597192.62895773
EWYCRPCKP,MJ,2,14.12,1.0,13.94,1.0,1.0,EWYCRPCKP.ham,2.511e-05,0.392,826.6481535433496,400.6798210734566,20145650.388408553
MCEHKVEWR,MJ,2,17.42,1.0,14.85,1.0,1.0,MCEHKVEWR.ham,0.30154016,0.193,175.9261123732704,121.98557513848566,311201.9044089071
TQYARTGQA,MJ,2,10.19,1.0,8.83,1.0,1.0,TQYARTGQA.ham,0.18745133,0.276,412.1641596053572,243.367747608599,1939649630.717332
TKFYLDLHI,MJ,2,14.96,1.0,14.63,1.0,1.0,TKFYLDLHI.ham,0.1113434,0.362,707.2350949017185,413.23119995599876,5819.693551834258
DQCEMWKVI,MJ,2,15.2,1.0,14.73,1.0,1.0,DQCEMWKVI.ham,0.02994544,0.38,4981.6822018934245,91.17166469340464,1089648.854790881
HYVKQDWKW,MJ,2,12.01,1.0,11.8,1.0,1.0,HYVKQDWKW.ham,0.08315213,0.433,236.15366887964404,106.70861087814295,81194541.07162584
DEERIWTHP,MJ,2,11.95,1.0,10.25,1.0,1.0,DEERIWTHP.ham,0.19968025,0.29100000000000004,351.80423172920814,179.44175358137463,154306924.9919745
KVQHMGVSQ,MJ,2,12.5,1.0,12.17,1.0,1.0,KVQHMGVSQ.ham,0.18013055,0.545,287.9381221990986,154.9673866656324,36215478.63300114
IWPSGKSFK,MJ,2,16.06,1.0,14.49,1.0,1.0,IWPSGKSFK.ham,0.19694864,0.213,303.0426177508717,157.23216382005853,864660.2185500542
QEDKSSFDD,MJ,2,10.01,1.0,8.55,1.0,1.0,QEDKSSFDD.ham,0.19134773,0.29100000000000004,1545.1980984902318,508.76526900270665,23694444912.362553
PVLHRHYRF,MJ,2,17.53,1.0,17.11,1.0,1.0,PVLHRHYRF.ham,0.03639519,0.478,1039.1945544357031,85.87840170256155,12422775.085184563
NTKCMTKQK,MJ,2,10.64,1.0,8.76,1.0,1.0,NTKCMTKQK.ham,0.31053116,0.239,309.58845222170606,178.46020133972922,11781071507.738327
IIKSEDPHM,MJ,2,16.85,1.0,15.76,1.0,1.0,IIKSEDPHM.ham,0.18658968,0.205,471.15073225873607,230.10000251644445,648419.5185010302
AVIWWHSWM,MJ,2,19.06,1.0,18.67,1.0,1.0,AVIWWHSWM.ham,0.03375221,0.47,10725.4586047014,14.617826096738007,663504.9840278293
YYKAAVQMH,MJ,2,16.41,1.0,14.42,1.0,1.0,YYKAAVQMH.ham,0.27038465,0.219,247.35915835302052,118.29294326189688,86992.2970868064
REGGEEKGK,MJ,2,7.51,1.0,6.98,1.0,1.0,REGGEEKGK.ham,0.10591148,0.311,980.94795770565,502.68097950586747,908622262345.4565
SINFTE,MJ,2,5.53,1.0,5.51,1.0,1.0,SINFTE.ham,0.01900163,0.911,161.90563390641034,45.00053812440458,1002.3942909111703
RFSLFW,MJ,2,10.67,1.0,7.44,1.0,1.0,RFSLFW.ham,0.27788353,0.304,181.6500070760468,41.162267109236936,1993.8719802208327
HWNKHI,MJ,2,8.12,1.0,7.38,1.0,1.0,HWNKHI.ham,0.31362302,0.389,66.17205639810558,29.539570493357022,1965.975605736649
IIQEPK,MJ,2,6.77,1.0,6.28,1.0,1.0,IIQEPK.ham,0.13447153,0.417,239.16928151228623,63.25196804928332,1951.8473495604726
AKIMYE,MJ,2,7.21,1.0,5.45,1.0,1.0,AKIMYE.ham,0.39118418,0.28800000000000003,51.20095311895573,31.589904170698535,1000.0200003000039
PDLVGG,MJ,2,7.48,1.0,6.03,1.0,1.0,PDLVGG.ham,0.35882854,0.287,62.543458282684774,36.28251186281758,1000.0080000480003
CIDTIW,MJ,2,11.49,1.0,8.06,1.0,1.0,CIDTIW.ham,0.42279145,0.274,119.07248879670887,33.44036348917251,1991.2118428549775
VGGYHNSP,MJ,2,10.77,1.0,10.72,1.0,1.0,VGGYHNSP.ham,0.04798278,0.921,111.45969065813902,104.8352343680877,1000.8665627919069
FEQNYLHY,MJ,2,16.98,1.0,16.69,1.0,1.0,FEQNYLHY.ham,0.15309979999999998,0.446,110.80162627013674,98.58645680907144,1000.482174299007
KEQWHSKG,MJ,2,7.04,1.0,6.53,1.0,1.0,KEQWHSKG.ham,0.10639782,0.411,165.84889225245695,111.16375715803976,1006.2774005591814
SQYVDNSG,MJ,2,9.11,1.0,8.82,1.0,1.0,SQYVDNSG.ham,0.0821163,0.459,250.34732014808984,155.51480035117544,1002.2176817808066
ALWDFGGN,MJ,2,13.34,1.0,13.28,1.0,1.0,ALWDFGGN.ham,0.00867509,0.5670000000000001,370.66780910802544,68.95553295067435,7666.772168098204
VDQFHPYP,MJ,2,15.27,1.0,13.68,1.0,1.0,VDQFHPYP.ham,0.33066651,0.267,122.61298913945934,98.58645680907144,1000.3020684167744
ANQHLGNE,MJ,2,9.64,1.0,8.84,1.0,1.0,ANQHLGNE.ham,0.2127467,0.321,239.77529612240087,123.78668882069384,1002.5666164259579
DDMKLRSS,MJ,2,9.61,1.0,9.33,1.0,1.0,DDMKLRSS.ham,0.0511226,0.394,370.1721866773337,121.56615251886826,1021.0082198494586
QHPSTHRY,MJ,2,9.17,1.0,8.41,1.0,1.0,QHPSTHRY.ham,0.13397604,0.32299999999999995,292.0625435916646,137.6823915559969,1002.1153501245599
WTNTLGHT,MJ,2,12.1,1.0,11.9,1.0,1.0,WTNTLGHT.ham,0.05759861,0.503,610.4518631175471,156.65804921878384,1506.425487549458
KDWRVRDQ,MJ,2,7.81,1.0,7.47,1.0,1.0,KDWRVRDQ.ham,0.10168858,0.341,304.4441801737702,156.10303857839227,1011.4961814957974
PHCNPKRV,MJ,2,11.6,1.0,10.23,1.0,1.0,PHCNPKRV.ham,0.19660003,0.28800000000000003,334.64450862203915,200.36198966583913,1001.1890593469612
LDVFKPEL,MJ,2,18.85,1.0,18.21,1.0,1.0,LDVFKPEL.ham,0.17523397,0.746,87.89009533601637,86.44302615442842,1000.1180080967082
GSYHLWNH,MJ,2,12.62,1.0,11.88,1.0,1.0,GSYHLWNH.ham,0.18616201,0.295,308.087060032485,143.71207023882297,1001.0648496746758
MFQMCVSC,MJ,2,16.56,1.0,16.23,1.0,1.0,MFQMCVSC.ham,0.35939441,0.292,174.07834121826136,87.30167987886281,1391.6946334860404
DEPKSIAS,MJ,2,8.6,1.0,8.56,1.0,1.0,DEPKSIAS.ham,0.03641849,0.8690000000000001,330.21467870793856,172.43282182902388,1001.6139510045386
DITTGPWI,MJ,2,12.73,1.0,12.17,1.0,1.0,DITTGPWI.ham,0.26184455,0.231,271.2161070030578,109.09708540208976,1000.4781714176239
CMVSFMKW,MJ,2,17.71,1.0,17.67,1.0,1.0,CMVSFMKW.ham,0.03545908,0.794,191.53425579446647,139.30487163802513,999.8600146986281
QNSTIVEM,MJ,2,12.56,1.0,12.35,1.0,1.0,QNSTIVEM.ham,0.03914428,0.41,1624.9773676814925,438.67155764767153,2245.325907263759
HQHEPKRY,MJ,2,10.23,1.0,9.31,1.0,1.0,HQHEPKRY.ham,0.27448847,0.284,148.09943381650197,111.16375715803976,1000.474168560264
VEYMEDMG,MJ,2,14.16,1.0,13.79,1.0,1.0,VEYMEDMG.ham,0.16087788,0.327,148.0792647343557,111.16375715803976,1000.1900270784298
QMFWDGWD,MJ,2,12.07,1.0,11.65,1.0,1.0,QMFWDGWD.ham,0.11575997,0.317,309.41149458369154,125.11911244706165,1002.2036353313301
HFWNDRAV,MJ,2,12.17,1.0,11.87,1.0,1.0,HFWNDRAV.ham,0.02273485,0.362,365.78286386628236,88.8862089783731,1480.4860254883943
WEKFIVMI,MJ,2,18.5,1.0,18.48,1.0,1.0,WEKFIVMI.ham,0.24943959,0.36,130.56747878114632,88.8862089783731,1000.0580024860486
GRCFEFAH,MJ,2,13.53,1.0,12.54,1.0,1.0,GRCFEFAH.ham,0.04882233,0.6859999999999999,162.04088158160863,111.16375715803976,1000.3360846909703
VWYEEPNH,MJ,2,10.29,1.0,10.09,1.0,1.0,VWYEEPNH.ham,0.03249571,0.4320000000000001,2069.3869037807044,1000.0,2069.3869037807044
MAIVAGGE,MJ,2,12.37,1.0,11.97,1.0,1.0,MAIVAGGE.ham,0.18336693,0.32299999999999995,125.46530693948168,104.8352343680877,1000.394116457589
YTDFTMDY,MJ,2,14.74,1.0,13.58,1.0,1.0,YTDFTMDY.ham,0.31159708,0.318,106.00823882021946,104.8352343680877,1000.51419821492
IFDWNEWC,MJ,2,16.72,1.0,16.34,1.0,1.0,IFDWNEWC.ham,0.06465731,0.335,1704588.0785161152,1000.0,1704588.0785161152
MEEHWRLR,MJ,2,11.64,1.0,11.25,1.0,1.0,MEEHWRLR.ham,0.22729236,0.318,118.18433345947325,98.58645680907144,1000.1560182538984
SQHQKEHA,MJ,2,6.57,1.0,6.4,1.0,1.0,SQHQKEHA.ham,0.05183688,0.535,350.966599870192,191.68579266261727,1014.9188811561405
LTRVPSLI,MJ,2,20.0,1.0,17.86,1.0,1.0,LTRVPSLI.ham,0.25711173,0.292,112.69899236729927,98.58645680907144,1000.0500018750625
ILKSPGLK,MJ,2,14.58,1.0,14.3,1.0,1.0,ILKSPGLK.ham,0.11222232,0.324,566.617833673511,294.1003351956732,1023.5499518886838
FPHASHFN,MJ,2,13.37,1.0,13.33,1.0,1.0,FPHASHFN.ham,0.00878152,0.68,358.2304617996313,104.8352343680877,1297.9008035660888
QCFFSGAK,MJ,2,12.27,1.0,11.59,1.0,1.0,QCFFSGAK.ham,0.1710307,0.342,198.31924611095212,124.02748992445609,1000.3440887723581
IQKYSETE,MJ,2,11.79,1.0,11.53,1.0,1.0,IQKYSETE.ham,0.13556703,0.448,106.24391271030655,98.58645680907144,1000.9927385363986
KHHIRKDT,MJ,2,8.6,1.0,7.49,1.0,1.0,KHHIRKDT.ham,0.16636506,0.318,159.92582870313566,111.16375715803976,1002.5107179082282
CLHIDCYH,MJ,2,14.54,1.0,14.52,1.0,1.0,CLHIDCYH.ham,0.35238164,0.276,106.8791578588359,104.8352343680877,999.9800002999958
TRVYCYIW,MJ,2,13.65,1.0,13.44,1.0,1.0,TRVYCYIW.ham,0.033708800000000004,0.5589999999999999,1065.1649026764146,26.504678857094163,102404.9260963696
GVKAELED,MJ,2,9.12,1.0,8.55,1.0,1.0,GVKAELED.ham,0.27830555,0.515,136.4599720225021,111.16375715803976,1000.6783449188988
CHHCGENA,MJ,2,11.6,1.0,11.32,1.0,1.0,CHHCGENA.ham,0.04108301,0.609,694.7745719108912,374.60266483547775,1063.0532922835885
RNITCVLD,MJ,2,12.08,1.0,11.53,1.0,1.0,RNITCVLD.ham,0.08224399,0.395,811.4945765759933,88.6375374748345,1733.5304085030878
QLQYRAPT,MJ,2,10.13,1.0,9.29,1.0,1.0,QLQYRAPT.ham,0.16127833,0.292,650.0784857542225,332.5492891721982,1050.1056060638919
HMPAWNRH,MJ,2,12.58,1.0,11.72,1.0,1.0,HMPAWNRH.ham,0.22806574,0.297,263.5798776093119,83.79881096319612,1213.9814274409914
YYLHEWLC,MJ,2,16.13,1.0,15.97,1.0,1.0,YYLHEWLC.ham,0.19367625,0.309,159.3274965614166,111.16375715803976,1000.0120001080007
CLLWKGEN,MJ,2,12.85,1.0,11.68,1.0,1.0,CLLWKGEN.ham,0.3210114,0.246,110.70935600454918,98.58645680907144,1000.416129828005
KTHWDMSC,MJ,2,10.27,1.0,9.53,1.0,1.0,KTHWDMSC.ham,0.23824082,0.28600000000000003,163.7854654419789,111.16375715803976,1000.6743408601556
DLVWMFRV,MJ,2,15.21,1.0,15.09,1.0,1.0,DLVWMFRV.ham,0.09743293,0.306,448.39449898270937,156.68352663979326,1060.4232649644703
MPTEQQHY,MJ,2,11.1,1.0,10.89,1.0,1.0,MPTEQQHY.ham,0.16495587,0.8079999999999999,109.58377342911206,98.58645680907144,1001.5518037387429
KEFGKYVW,MJ,2,14.51,1.0,12.97,1.0,1.0,KEFGKYVW.ham,0.28649131,0.242,253.0212742199544,111.04021461651936,1001.3233119191743
EKARTGAW,MJ,2,10.03,1.0,9.31,1.0,1.0,EKARTGAW.ham,0.0838119,0.322,313.05615366795246,123.66573782082564,1004.6018219105973
RAPLDKLC,MJ,2,14.85,1.0,14.47,1.0,1.0,RAPLDKLC.ham,0.07290947,0.403,269.3866218360269,171.71778726987833,1004.2655981674246
WNKCHVPN,MJ,2,13.2,1.0,12.21,1.0,1.0,WNKCHVPN.ham,0.26701165,0.368,110.91601303043426,104.8352343680877,1001.6299899476099
LYGVSCQH,MJ,2,16.85,1.0,14.42,1.0,1.0,LYGVSCQH.ham,0.42510558,0.275,105.57528256296207,104.8352343680877,1000.5962665178938
TENEYSLI,MJ,2,12.52,1.0,12.07,1.0,1.0,TENEYSLI.ham,0.17149676,0.321,194.74799189615692,124.02748992445609,1000.1600192020481
EQQPQPMY,MJ,2,9.54,1.0,9.21,1.0,1.0,EQQPQPMY.ham,0.12212401,0.469,174.93728183522316,123.78668882069384,1001.2110989614266
GGVCRMGI,MJ,2,15.15,1.0,14.53,1.0,1.0,GGVCRMGI.ham,0.03160759,0.318,1072.2389983099936,29.502136672734665,164778.50371391172
LDGEPIMY,MJ,2,16.49,1.0,16.3,1.0,1.0,LDGEPIMY.ham,0.10522084,0.465,122.6025975476985,98.58645680907144,1000.3640993961199
SDVGRPNC,MJ,2,11.14,1.0,10.39,1.0,1.0,SDVGRPNC.ham,0.09814142,0.305,370.6962367607531,111.6985056452067,1028.2925379507376
DTSICKTH,MJ,2,9.52,1.0,9.31,1.0,1.0,DTSICKTH.ham,0.15593901,0.449,114.30603834856237,98.58645680907144,1000.4101261094693
YQWKNFKQ,MJ,2,14.79,1.0,13.53,1.0,1.0,YQWKNFKQ.ham,0.33502942,0.203,144.99820402458056,111.16375715803976,1000.5121966751304
HRGAVLGK,MJ,2,11.19,1.0,10.1,1.0,1.0,HRGAVLGK.ham,0.32458158,0.241,147.80482838356235,111.16375715803976,1000.4581573710498
AISTPSHW,MJ,2,11.72,1.0,11.31,1.0,1.0,AISTPSHW.ham,0.08668559,0.315,796.2984322675775,389.98113229444056,1106.2741486203684
FGGGISTA,MJ,2,13.52,1.0,13.17,1.0,1.0,FGGGISTA.ham,0.21730532,0.316,110.5097150704623,98.58645680907144,1001.4315351384114
RNLWMWSV,MJ,2,16.03,1.0,15.69,1.0,1.0,RNLWMWSV.ham,0.24440151,0.237,150.7140917493541,111.16375715803976,1000.3921152781254
DEIIVVDM,MJ,2,15.24,1.0,14.64,1.0,1.0,DEIIVVDM.ham,0.24742071,0.402,144.05034109572443,111.16375715803976,1000.4721671405925
NFPYMGDI,MJ,2,15.82,1.0,14.32,1.0,1.0,NFPYMGDI.ham,0.23609043,0.278,349.1574632591781,109.6141923871828,1530.2661163801306
AFPQEQQD,MJ,2,9.36,1.0,7.66,1.0,1.0,AFPQEQQD.ham,0.22614404,0.265,477.23247789238366,230.3315054305765,1014.4793654790157
MNHITRSC,MJ,2,14.53,1.0,14.13,1.0,1.0,MNHITRSC.ham,0.08322311,0.563,202.08572959539677,111.04021461651936,1000.2240376376205
SNKIQEQA,MJ,2,9.2,1.0,8.5,1.0,1.0,SNKIQEQA.ham,0.16856606,0.313,170.46098103839128,124.02748992445609,1001.7643312212067
PKDWPMLC,MJ,2,12.94,1.0,12.58,1.0,1.0,PKDWPMLC.ham,0.24063305,0.309,140.74384127522643,111.16375715803976,1000.2660530764122
CCVAHQSG,MJ,2,10.02,1.0,9.62,1.0,1.0,CCVAHQSG.ham,0.0872753,0.343,420.2948090467929,221.40832048262405,1006.0815995506309
LCIYGFIS,MJ,2,18.04,1.0,16.87,1.0,1.0,LCIYGFIS.ham,0.13961493,0.361,248.44450530338347,111.04021461651936,1000.3140739624826
PTITGPDD,MJ,2,8.83,1.0,8.26,1.0,1.0,PTITGPDD.ham,0.16800773,0.304,284.27774831205073,111.55507938957415,1004.8133065356881
HMGENGVT,MJ,2,10.69,1.0,10.41,1.0,1.0,HMGENGVT.ham,0.14633398,0.322,332.7005186884364,178.8699902253423,1001.2391504324413
LLWFYWPT,MJ,2,17.76,1.0,16.43,1.0,1.0,LLWFYWPT.ham,0.08839230000000001,0.46,448.7969173433669,182.9808651776921,1010.5873338146242
YKCWLCHH,MJ,2,14.64,1.0,14.14,1.0,1.0,YKCWLCHH.ham,0.13533753,0.345,121.29352649684917,98.58645680907144,1000.1940282306512
YVIYCCRG,MJ,2,13.45,1.0,12.83,1.0,1.0,YVIYCCRG.ham,0.13603676,0.339,191.2716797639012,136.00443514228505,1000.1080087486299
QHQDYHED,MJ,2,8.26,1.0,7.74,1.0,1.0,QHQDYHED.ham,0.15414971,0.416,211.8653066923085,111.15547993492312,1004.4124692854168
FGMIAMMS,MJ,2,17.42,1.0,16.88,1.0,1.0,FGMIAMMS.ham,0.22816277,0.307,137.7205008417148,111.16375715803976,999.9000074994998
WMAEVKTE,MJ,2,11.82,1.0,11.0,1.0,1.0,WMAEVKTE.ham,0.03054317,0.327,1895.0104099380462,46.45163070601429,10323.740857797087
CQFHRYKP,MJ,2,13.51,1.0,12.98,1.0,1.0,CQFHRYKP.ham,0.09717531,0.29600000000000004,308.62197619887894,125.45816851736139,1005.9584962257907
INTDVMHT,MJ,2,13.56,1.0,13.22,1.0,1.0,INTDVMHT.ham,0.14098573,0.483,135.04833282162892,105.48586615182259,1000.3881129372127
INHWELFL,MJ,2,19.86,1.0,18.98,1.0,1.0,INHWELFL.ham,0.14173393,0.344,440.62875612767834,203.72576344441703,1008.5929859513748
RRIHKFWK,MJ,2,12.01,1.0,11.41,1.0,1.0,RRIHKFWK.ham,0.015541,0.386,2355.6392543692677,918.4057023273498,2376.374492369799
VQEYDWAF,MJ,2,16.09,1.0,14.46,1.0,1.0,VQEYDWAF.ham,0.43701688,0.263,105.29782502427648,104.8352343680877,1000.6383054128988
WFSSALMI,MJ,2,17.15,1.0,16.73,1.0,1.0,WFSSALMI.ham,0.29396673,0.353,159.762958279156,88.6375374748345,1001.6176369599513
RCIMSHKS,MJ,2,10.78,1.0,9.28,1.0,1.0,RCIMSHKS.ham,0.30786013,0.229,151.98346712998728,111.16375715803976,1000.3400867196563
TQKDRLWP,MJ,2,9.61,1.0,9.41,1.0,1.0,TQKDRLWP.ham,0.12780065,0.633,140.86173974614096,111.16375715803976,1000.7344042648142
TPYSMTHG,MJ,2,8.96,1.0,8.92,1.0,1.0,TPYSMTHG.ham,0.01160673,0.619,1415.1542433371344,27.526963643270133,2658.166557428118
WGEGMWCI,MJ,2,15.22,1.0,15.19,1.0,1.0,WGEGMWCI.ham,0.02993416,0.994,154.89444309300882,105.48586615182259,1001.1810451221222
PWGQIQGT,MJ,2,11.71,1.0,11.54,1.0,1.0,PWGQIQGT.ham,0.08933964,0.435,426.9898898394945,123.78668882069384,1077.7289161638132
HVKLVQIF,MJ,2,17.86,1.0,16.58,1.0,1.0,HVKLVQIF.ham,0.31874476,0.243,619.2164744662749,155.50358012488562,1961.3263606269184
NELPRFAF,MJ,2,18.31,1.0,16.09,1.0,1.0,NELPRFAF.ham,0.17511461,0.237,353.243179246077,176.4468956987535,1002.6351967856982
WWCHDLPM,MJ,2,17.52,1.0,16.37,1.0,1.0,WWCHDLPM.ham,0.39765024,0.211,108.93145847494486,104.8352343680877,1000.0620028831192
YMLERSGY,MJ,2,13.76,1.0,13.0,1.0,1.0,YMLERSGY.ham,0.14628915,0.295,430.020276205055,156.73234151613713,1017.6831162214341
WPHMNSDN,MJ,2,11.61,1.0,11.19,1.0,1.0,WPHMNSDN.ham,0.22184127,0.424,106.39473316195624,98.58645680907144,1000.5862576476518
STPNFVAD,MJ,2,10.81,1.0,9.85,1.0,1.0,STPNFVAD.ham,0.22769618,0.308,213.13524463418034,88.02437902743476,1009.5328459574133
WDAKAIK,MJ,2,10.36,1.0,8.47,2.0,2.0,WDAKAIK.ham,0.38900522,0.207,88.28396140453937,54.56979350091905,1000.040001200032
AFTSIGK,MJ,2,10.2,1.0,9.15,2.0,2.0,AFTSIGK.ham,0.05507122,0.335,254.79148290158565,28.932292561382656,1973.8185134453104
WPPSMLH,MJ,2,10.34,1.0,9.59,2.0,2.0,WPPSMLH.ham,0.16263471,0.364,71.83351797315832,55.13388979020071,1000.018000243003
SLIEYTR,MJ,2,9.7,1.0,8.06,2.0,2.0,SLIEYTR.ham,0.15529286,0.306,202.34874783637656,62.369582929905114,1000.1040081125625
KNQPVSE,MJ,2,4.34,1.0,4.09,2.0,2.0,KNQPVSE.ham,0.00493276,0.48,379.3666834257398,44.14393132893352,23452.964437128026
GEPSYVS,MJ,2,6.7,1.0,6.17,2.0,2.0,GEPSYVS.ham,0.06296202,0.452,351.38230248412253,223.46732936959484,1001.3974629734613
NYKPDRG,MJ,2,5.77,1.0,4.88,2.0,2.0,NYKPDRG.ham,0.11257813,0.311,312.67132266741993,94.58341904566211,1002.2156751270876
WFIGWCL,MJ,2,13.44,1.0,12.78,2.0,2.0,WFIGWCL.ham,0.30398868,0.29600000000000004,144.29854798601272,54.65508567695456,1380.0195184217816
KRCGYRQ,MJ,2,4.96,1.0,4.82,2.0,2.0,KRCGYRQ.ham,0.08085215,0.438,238.79190669188972,155.5176153972213,1000.2140343519008
GSDRYET,MJ,2,4.74,1.0,4.68,2.0,2.0,GSDRYET.ham,0.04042695,0.413,585.399429472542,177.848508260155,1057.2418291738654
WHFIILM,MJ,2,13.42,1.0,13.06,2.0,2.0,WHFIILM.ham,0.41094329,0.3,96.06329606388013,37.73332604295295,1922.08689702345
YYAAPMG,MJ,2,8.85,1.0,8.27,2.0,2.0,YYAAPMG.ham,0.25033690000000003,0.344,68.45083549145171,55.13388979020071,1000.0480017280553
ANMKNLT,MJ,2,11.32,1.0,8.29,2.0,2.0,ANMKNLT.ham,0.37384722,0.226,131.45913173808742,68.82132875224254,1000.0300006750134
HDWDVYQ,MJ,2,8.18,1.0,6.98,2.0,2.0,HDWDVYQ.ham,0.11277802,0.33,207.06497791550984,62.369582929905114,1001.5477944363466
TWNETWH,MJ,2,7.2,1.0,7.05,2.0,2.0,TWNETWH.ham,0.06737495,0.403,451.4517929070481,69.40162229998617,1020.1000204020004
DITTFVQ,MJ,2,10.51,1.0,9.32,2.0,2.0,DITTFVQ.ham,0.08117126,0.337,352.3135343081384,48.27605407126126,1193.0239110813711
CTFGPAT,MJ,2,8.38,1.0,7.97,2.0,2.0,CTFGPAT.ham,0.02334242,0.521,295.0045770473794,29.73661921771994,222497.02838306592
MIANNGH,MJ,2,7.38,1.0,6.63,2.0,2.0,MIANNGH.ham,0.05309679,0.401,1073.7835027222884,514.5098816071202,1249.6204887439656
CPVMGID,MJ,2,11.55,1.0,11.04,2.0,2.0,CPVMGID.ham,0.04481727,0.52,227.47396812418575,30.974258115422803,1028.6701129037635
INHQAFW,MJ,2,11.61,1.0,10.51,2.0,2.0,INHQAFW.ham,0.40728868,0.46,56.80549491398784,50.48948435521959,999.940002699892
WVYEGLW,MJ,2,11.81,1.0,10.85,2.0,2.0,WVYEGLW.ham,0.18537987,0.521,76.49040757662169,50.65826777356182,1008.1196637666116
AYMTDVD,MJ,2,9.36,1.0,8.08,2.0,2.0,AYMTDVD.ham,0.21197027,0.309,135.59766325809915,61.499003533129965,1000.0480017280553
HGVPPFC,MJ,2,11.06,1.0,9.45,2.0,2.0,HGVPPFC.ham,0.30184283,0.281,90.3976675237093,54.56979350091905,1000.0040000119999
CEWHLVD,MJ,2,10.14,1.0,8.78,2.0,2.0,CEWHLVD.ham,0.18554319,0.329,100.73166172662684,54.56979350091905,1000.0420013230371
GWAHWAG,MJ,2,8.48,1.0,7.37,2.0,2.0,GWAHWAG.ham,0.08201961,0.343,322.5216793555134,51.654826920416575,1069.9413168849069
MPVIILP,MJ,2,12.89,1.0,12.5,2.0,2.0,MPVIILP.ham,0.48666688,0.266,80.56262584584442,34.86412637093171,1996.5109985142576
ARGYQMK,MJ,2,7.33,1.0,7.3,2.0,2.0,ARGYQMK.ham,0.03,0.999,782.2936978741037,56.78193019379354,2284.1726444940705
SWVASEH,MJ,2,6.97,1.0,6.65,2.0,2.0,SWVASEH.ham,0.17952197,0.319,162.642994172326,85.95373530787714,1000.0880058083408
EKDQLGD,MJ,2,5.05,1.0,4.83,2.0,2.0,EKDQLGD.ham,0.0038288,0.485,438.18107854264815,43.31882910263722,479649.92522891477
MFWPDVR,MJ,2,10.5,1.0,9.16,2.0,2.0,MFWPDVR.ham,0.2744421,0.338,67.79943961438985,55.13388979020071,999.9800002999958
LIGNGQW,MJ,2,9.56,1.0,8.85,2.0,2.0,LIGNGQW.ham,0.02593956,0.407,2972.5131601654,999.8051636193882,2973.153944505538
PLFTARC,MJ,2,10.74,1.0,9.81,2.0,2.0,PLFTARC.ham,0.24558038,0.294,140.41618785927116,61.499003533129965,1000.0
AFIMLTR,MJ,2,11.26,1.0,10.4,2.0,2.0,AFIMLTR.ham,0.02192711,0.627,310.41155411698475,156.72672444226623,1000.9266435042413
PCRQEYR,MJ,2,6.35,1.0,5.73,2.0,2.0,PCRQEYR.ham,0.12955331,0.4,179.68085413847564,82.81681769520337,1000.1420151244319
NMTEMRG,MJ,2,8.85,1.0,7.1,2.0,2.0,NMTEMRG.ham,0.1248575,0.297,205.69521872192843,56.308799564693956,1000.684351052075
NMQGGTA,MJ,2,7.33,1.0,6.25,2.0,2.0,NMQGGTA.ham,0.16437272,0.299,209.8570728851734,83.63743263748302,1000.1300126760985
HMVDGNE,MJ,2,6.28,1.0,5.72,2.0,2.0,HMVDGNE.ham,0.05725962,0.4,586.4163423728606,71.48996489107321,1074.0925109905334
WQVQSCY,MJ,2,9.91,1.0,8.07,2.0,2.0,WQVQSCY.ham,0.28813752,0.314,75.6587121359237,55.13388979020071,1000.018000243003
YEPAQIY,MJ,2,9.01,1.0,8.61,2.0,2.0,YEPAQIY.ham,0.24788395,0.721,63.0731685718955,55.13388979020071,1000.0580025230975
ALLCLDP,MJ,2,11.57,1.0,10.44,2.0,2.0,ALLCLDP.ham,0.15678523,0.31,177.58118493063114,97.2500274828443,999.9600011999681
ECWSNWS,MJ,2,8.05,1.0,7.92,2.0,2.0,ECWSNWS.ham,0.01986142,0.448,706.7613203102429,51.272841265349534,1893.8929217347702
IIRVCAW,MJ,2,11.28,1.0,11.23,2.0,2.0,IIRVCAW.ham,0.06237681,0.452,24907.414605785256,999.2406865172718,25145.2197998942
MKYPHYL,MJ,2,9.08,1.0,8.36,2.0,2.0,MKYPHYL.ham,0.23177894,0.6629999999999999,64.67868557668467,55.13388979020071,1000.0380010830274
NFLREKM,MJ,2,10.12,1.0,9.93,2.0,2.0,NFLREKM.ham,0.17518643,0.8490000000000001,117.21452737684886,55.24675908254882,1000.0280005880109
QYPQGAH,MJ,2,6.53,1.0,5.55,2.0,2.0,QYPQGAH.ham,0.14896643,0.311,223.9484067503335,86.58662449399542,1000.2320403742445
TNYTFCT,MJ,2,7.27,1.0,6.86,2.0,2.0,TNYTFCT.ham,0.03164924,0.499,1196.452151973249,598.698618348617,1316.2779896083448
PTTDYLR,MJ,2,8.54,1.0,7.21,2.0,2.0,PTTDYLR.ham,0.18140128,0.333,160.56624893713274,87.75245030491511,1000.0680034681573
AKLKVHN,MJ,2,6.95,1.0,5.85,2.0,2.0,AKLKVHN.ham,0.10336148,0.364,483.882111645843,177.70186349006644,1041.8429526053078
CWKGTTG,MJ,2,6.64,1.0,6.33,2.0,2.0,CWKGTTG.ham,0.01911765,0.524,720.4543826833374,14.146536878650371,340398.0033275258
MHNPCRC,MJ,2,7.2,1.0,6.72,2.0,2.0,MHNPCRC.ham,0.03084129,0.418,2832.6040308818306,1000.0,2832.6040308818306
NGWRGIR,MJ,2,9.02,1.0,7.5,2.0,2.0,NGWRGIR.ham,0.14176586,0.309,268.9246906743532,126.86832858336273,1000.7684425946013
IKVQMFR,MJ,2,13.13,1.0,10.51,2.0,2.0,IKVQMFR.ham,0.38375695,0.244,79.49242176697335,55.13388979020071,999.9800002999958
EIMGYDL,MJ,2,12.29,1.0,11.2,2.0,2.0,EIMGYDL.ham,0.28565134,0.224,145.7012320651015,68.82132875224254,999.9000074994998
PFRSQAL,MJ,2,11.38,1.0,11.2,2.0,2.0,PFRSQAL.ham,0.17426561,0.938,202.86350147311467,92.28814850101718,1000.4221336005855
FKCGYLI,MJ,2,13.11,1.0,11.41,2.0,2.0,FKCGYLI.ham,0.07276584,0.759,108.01558971544098,56.20234423468427,999.6600866803523
IFQSLGH,MJ,2,12.05,1.0,11.06,2.0,2.0,IFQSLGH.ham,0.035139300000000005,0.387,544.7216369880325,32.94159826072276,19930.38078468593
EIIWPNR,MJ,2,7.39,1.0,7.17,2.0,2.0,EIIWPNR.ham,0.14650264,0.341,265.15807645070055,108.3096015250486,1000.3260797243265
DIAWLIE,MJ,2,10.31,1.0,10.21,2.0,2.0,DIAWLIE.ham,2.559e-05,0.75,918.1963084543115,24.524440252339158,4835795812908041.0
PQAGHWH,MJ,2,7.55,1.0,5.8,2.0,2.0,PQAGHWH.ham,0.24385287,0.304,128.94359265343894,63.98895906448338,1000.0960069124425
TGMHQFN,MJ,2,10.84,1.0,8.98,2.0,2.0,TGMHQFN.ham,0.17156909,0.297,168.07735667551796,62.22497207936684,1000.0640030721312
EIMIQFS,MJ,2,10.12,1.0,10.08,2.0,2.0,EIMIQFS.ham,0.02132896,0.722,524.0812444678917,21.553266745814582,168459570.181009
CEKSYIN,MJ,2,8.51,1.0,8.36,2.0,2.0,CEKSYIN.ham,0.11267941,0.919,150.7060800559876,76.89931539830594,1001.0688560775001
CEWRSFQ,MJ,2,11.96,1.0,8.73,2.0,2.0,CEWRSFQ.ham,0.38612379,0.231,97.05203121592591,62.81981783801797,1000.0200003000039
CYVACKR,MJ,2,7.32,1.0,6.11,2.0,2.0,CYVACKR.ham,0.11678202,0.359,710.2632124627447,348.8856519160824,1071.053335404039
KNVTYIR,MJ,2,9.06,1.0,7.69,2.0,2.0,KNVTYIR.ham,0.16753763,0.31,307.12709949435543,121.34058686117739,1000.8865890949457
TAIPGMP,MJ,2,9.53,1.0,8.05,2.0,2.0,TAIPGMP.ham,0.14352448,0.308,227.22941100837286,94.45047226981337,1000.3861117757632
RFDIYSR,MJ,2,9.64,1.0,9.29,2.0,2.0,RFDIYSR.ham,0.10680795,0.527,212.46072852772969,127.33044842575879,1000.0340008670197
RLQKETQ,MJ,2,7.63,1.0,5.94,2.0,2.0,RLQKETQ.ham,0.17566807,0.29100000000000004,190.15573468297217,59.776682771707016,1000.1300126760985
QRPTHVG,MJ,2,6.39,1.0,5.23,2.0,2.0,QRPTHVG.ham,0.19359209,0.361,161.10312726756757,95.93580214616328,1000.13201306915
WMWPTKM,MJ,2,8.97,1.0,8.91,2.0,2.0,WMWPTKM.ham,0.06,0.999,510.38812366965135,256.6767745324925,1056.305388753908
REVHFCS,MJ,2,7.53,1.0,7.12,2.0,2.0,REVHFCS.ham,0.02801693,0.568,969.4055489346343,47.34759337389936,13476063.236413796
KKIDHVP,MJ,2,8.54,1.0,7.73,2.0,2.0,KKIDHVP.ham,0.01254308,0.388,1134.3868228087565,35.85191180470581,30529.158647855595
WVWWRIV,MJ,2,11.56,1.0,11.3,2.0,2.0,WVWWRIV.ham,0.23342555,0.421,70.17662153866905,55.13388979020071,999.3003673285749
WCCNFRV,MJ,2,10.76,1.0,9.21,2.0,2.0,WCCNFRV.ham,0.09223044,0.325,924.4086430978689,431.8176293303891,1176.5253222847336
PLICYNS,MJ,2,9.59,1.0,8.53,2.0,2.0,PLICYNS.ham,0.16232466,0.309,186.0640181842843,97.2500274828443,1000.0360009720232
NHVEWKA,MJ,2,6.39,1.0,5.49,2.0,2.0,NHVEWKA.ham,0.1012048,0.34700000000000003,225.51181206367764,61.707611232625666,1000.822507040849
QIGKWPG,MJ,2,9.56,1.0,7.51,2.0,2.0,QIGKWPG.ham,0.1571606,0.284,204.73210606819094,62.369582929905114,1000.3861117757632
GEWDWYQ,MJ,2,7.67,1.0,6.25,2.0,2.0,GEWDWYQ.ham,0.17123334,0.33,244.8350116942569,114.76835725948449,1000.2420439300874
MHLDSND,MJ,2,6.69,1.0,6.31,2.0,2.0,MHLDSND.ham,0.01000124,0.502,300.22663299275985,38.22436599026386,57065.67132561435
SHYTMKT,MJ,2,6.4,1.0,6.1,2.0,2.0,SHYTMKT.ham,0.10024184,0.368,234.26264067204298,121.6999537457053,1000.1900270784298
QNSTKYS,MJ,2,5.75,1.0,4.87,2.0,2.0,QNSTKYS.ham,0.20208852,0.345,153.8478906958491,76.65595830343587,1000.152017329756
YWLRQMG,MJ,2,11.32,1.0,9.83,2.0,2.0,YWLRQMG.ham,0.20141666,0.305,108.0740586911753,54.56979350091905,999.9800002999958
WFMDVRL,MJ,2,13.57,1.0,10.68,2.0,2.0,WFMDVRL.ham,0.11452557,0.299,355.4837143312171,67.08035363250073,1006.5237469113849
NAAGNFA,MJ,2,8.56,1.0,7.53,2.0,2.0,NAAGNFA.ham,0.21131327,0.311,150.42772796816837,62.369582929905114,1000.0660032671436
TWPDMFV,MJ,2,10.73,1.0,9.83,2.0,2.0,TWPDMFV.ham,0.25510481,0.446,163.65703476142758,33.905448959170506,2014.3813032436162
CRMPNVF,MJ,2,10.28,1.0,9.3,2.0,2.0,CRMPNVF.ham,0.16302821,0.608,75.17956372588893,55.13388979020071,1000.0120001080007
NGGDHVN,MJ,2,6.21,1.0,5.12,2.0,2.0,NGGDHVN.ham,0.17322698,0.3670000000000001,203.95486375615886,114.65058719170852,1000.1560182538984
KTFIVLC,MJ,2,10.65,1.0,10.39,2.0,2.0,KTFIVLC.ham,0.03641953,0.494,1218.6636112590072,15.966660541080685,386745.1873634324
HQLTSCH,MJ,2,9.43,1.0,8.25,2.0,2.0,HQLTSCH.ham,0.09581102,0.338,270.2949353537808,56.86390561058657,1026.20191413627
FLEQFAF,MJ,2,14.56,1.0,12.09,2.0,2.0,FLEQFAF.ham,0.24385232,0.329,149.6579684616241,33.905448959170506,2060.15582084742
VMISLWM,MJ,2,11.87,1.0,11.59,2.0,2.0,VMISLWM.ham,0.3686111,0.274,144.98422533018027,33.905448959170506,1775.2061418838837
ELQPWIV,MJ,2,12.62,1.0,10.15,2.0,2.0,ELQPWIV.ham,0.10512571,0.304,413.9958483166568,73.62997952366526,1008.3985339841572
KGMTRLC,MJ,2,9.78,1.0,9.57,2.0,2.0,KGMTRLC.ham,0.04805285,0.416,477.0402401522088,75.14720563830669,1035.39049283381
FNIEMTD,MJ,2,8.31,1.0,7.84,2.0,2.0,FNIEMTD.ham,0.1744297,0.332,93.83121041442946,54.56979350091905,1000.0780045632373
CFERPVL,MJ,2,11.53,1.0,11.31,2.0,2.0,CFERPVL.ham,0.20790641,0.343,141.821858290269,38.7040328075817,1989.0609177324666
ELTNVVE,MJ,2,10.07,1.0,9.15,2.0,2.0,ELTNVVE.ham,0.04466944,0.381,306.03974793351466,33.32873848877892,2642.5365293685754
MGSDILG,MJ,2,10.33,1.0,10.19,2.0,2.0,MGSDILG.ham,0.00403489,0.698,156.03202551777034,26.130046558623288,408724.1629384806
VPPTWII,MJ,2,9.81,1.0,9.78,2.0,2.0,VPPTWII.ham,2.63e-06,0.8290000000000001,99.21661478068188,67.6637790983805,7087.353325829547
QTWPMFV,MJ,2,10.26,1.0,9.62,2.0,2.0,QTWPMFV.ham,0.19734463,0.366,124.69517189398503,55.93890856178186,999.9600011999681
VMMHFLYNA,MJ,2,19.2,1.0,17.95,2.0,2.0,VMMHFLYNA.ham,0.05081744,0.326,860.6079176611418,598.698618348617,1872.0393561531973
ETFWVSMQR,MJ,2,13.01,1.0,12.64,2.0,2.0,ETFWVSMQR.ham,0.01153485,0.509,1548.019673715673,61.78278057520184,11775495090.235607
CYCCGKVLH,MJ,2,16.76,1.0,16.74,2.0,2.0,CYCCGKVLH.ham,6.83e-06,0.6970000000000001,17714.547058891047,18.17168149015272,1.024700361349375e+17
PQSWVPLNM,MJ,2,15.16,1.0,14.99,2.0,2.0,PQSWVPLNM.ham,0.05469601,0.306,3137.5074909075165,87.85044459725869,9886934.469550805
PFIWPKAIT,MJ,2,17.56,1.0,14.64,2.0,2.0,PFIWPKAIT.ham,0.22712604,0.201,285.06087339595985,137.8928891199551,16317.216248633997
ANRVSIAYI,MJ,2,19.19,1.0,16.63,2.0,2.0,ANRVSIAYI.ham,0.18777521,0.29100000000000004,824.1982522709715,451.13096421767716,26640.20134786223
QELAAELVG,MJ,2,14.46,1.0,13.28,2.0,2.0,QELAAELVG.ham,0.03347707,0.308,970.4657247610949,110.10234645511069,34972447.49890874
SSYDHWRGS,MJ,2,10.97,1.0,9.8,2.0,2.0,SSYDHWRGS.ham,0.0215226,0.314,1452.7836490575978,112.31085950025056,34489589070.92113
PYVDEASKF,MJ,2,14.92,1.0,14.51,2.0,2.0,PYVDEASKF.ham,0.03430003,0.38,4565.0060737300355,56.719894821820276,191164324355677.8
KHPTWVADP,MJ,2,11.21,1.0,9.79,2.0,2.0,KHPTWVADP.ham,0.24334453,0.276,317.3009663233074,127.26448047205814,1410582306.9502537
KQYKHHLHS,MJ,2,10.87,1.0,9.67,2.0,2.0,KQYKHHLHS.ham,0.09736675,0.301,1543.4869678299558,528.4461435031465,4393198874.279903
MPDQQFNYK,MJ,2,15.74,1.0,14.95,2.0,2.0,MPDQQFNYK.ham,0.08571128,0.328,358.8297045121708,177.26674884573248,1449810.8068662675
RKKSKNSGR,MJ,2,6.08,1.0,5.57,2.0,2.0,RKKSKNSGR.ham,0.12728334,0.403,763.0426559768598,478.4889943570725,585062588005.2944
PQANYPQFI,MJ,2,14.92,1.0,14.14,2.0,2.0,PQANYPQFI.ham,0.09170905,0.305,524.8829144572371,276.50114210828445,7274417.875327649
PPMNNFFYP,MJ,2,15.44,1.0,15.06,2.0,2.0,PPMNNFFYP.ham,0.19882023,0.272,1045.4921422921632,464.3625859063134,58908.48202673644
EQERGGELM,MJ,2,13.4,1.0,11.05,2.0,2.0,EQERGGELM.ham,0.30803317,0.259,751.8788537346331,360.2901080108943,71149701.53002569
MGLIQDYYC,MJ,2,18.25,1.0,16.94,2.0,2.0,MGLIQDYYC.ham,0.14316162,0.316,206.00392264383876,121.89525149519787,24727.2522261327
SIHGKFQHY,MJ,2,16.03,1.0,15.68,2.0,2.0,SIHGKFQHY.ham,0.02004002,0.393,1003.2027679553859,97.55128819866911,6627178.605662513
LCCAHISMP,MJ,2,21.43,1.0,18.95,2.0,2.0,LCCAHISMP.ham,0.34458301,0.238,140.1668550595652,121.89525149519787,5946.75117776625
YPMFEIHSL,MJ,2,21.3,1.0,19.98,2.0,2.0,YPMFEIHSL.ham,0.01878288,0.8859999999999999,379.34848243646786,157.22834809148077,187368.99697106064
FSLFLWMTF,MJ,2,21.76,1.0,21.72,2.0,2.0,FSLFLWMTF.ham,0.00010051,0.373,598.2462977933556,111.63884707571754,10660.34428891888
AAMLDYFY,MJ,2,17.1,1.0,15.55,2.0,2.0,AAMLDYFY.ham,0.20944026,0.328,116.83752321503412,98.58645680907144,1000.3340836856338
MNLVLMKKE,MJ,2,16.61,1.0,15.24,3.0,3.0,MNLVLMKKE.ham,0.08003589,0.31,821.5469610051515,417.8188955573798,78553.62303266834
ELIGQFLT,MJ,2,15.95,1.0,14.21,3.0,3.0,ELIGQFLT.ham,0.07466015,0.5479999999999999,287.1667252244791,111.55507938957415,1000.5982683099636
WHWHRMQ,MJ,2,11.1,1.0,9.53,4.0,4.0,WHWHRMQ.ham,0.23566466,0.314,81.69213333063207,55.13388979020071,1000.016000192002
LMMPFL,MJ,2,13.93,1.0,13.78,1.0,1.0,LMMPFL.ham,0.12050047,0.773,116.98286239867305,75.94620041634124,1488.9628762881634
FDWCLH,MJ,2,10.57,1.0,9.78,1.0,1.0,FDWCLH.ham,0.40371429,0.413,31.640693838878928,26.12742520025934,997.9431783347123
DSKWMM,MJ,2,5.6,1.0,5.41,1.0,1.0,DSKWMM.ham,0.03782649,0.617,328.09125681654774,8.048051085995073,2648.274079957743
NYHMWE,MJ,2,6.17,1.0,5.1,1.0,1.0,NYHMWE.ham,0.26610176,0.35,178.67402032877789,38.188902318369585,1921.9788256084805
LGGNNV,MJ,2,10.22,1.0,9.86,1.0,1.0,LGGNNV.ham,0.34022286,0.893,41.85878793965693,30.688068733588885,998.8410084201173
WHHSNC,MJ,2,8.55,1.0,7.94,1.0,1.0,WHHSNC.ham,0.47932342,0.226,38.48936580238013,26.51973285646654,999.9800002999958
PKFGWS,MJ,2,5.89,1.0,5.59,1.0,1.0,PKFGWS.ham,0.13597573,0.419,149.62234709865623,92.67544713815214,1000.0200003000039
CPGYIQ,MJ,2,7.01,1.0,6.61,1.0,1.0,CPGYIQ.ham,0.2453293,0.466,36.83332149838071,26.51973285646654,999.9800002999958
GPLHCC,MJ,2,8.99,1.0,7.98,1.0,1.0,GPLHCC.ham,0.26618846,0.319,66.48594847649186,28.145656773094746,999.6201082725706
LTKFWK,MJ,2,10.65,1.0,7.4,1.0,1.0,LTKFWK.ham,0.52051628,0.265,31.06516618387281,25.728286918135716,999.6201082725706
SYCLVN,MJ,2,6.51,1.0,6.2,1.0,1.0,SYCLVN.ham,0.17791492,0.434,74.786462196083,30.187977629119867,1000.0
AWGDFM,MJ,2,10.1,1.0,7.33,1.0,1.0,AWGDFM.ham,0.464362,0.257,87.73719038778785,27.665484011762054,1992.623318922665
FIRCDN,MJ,2,9.55,1.0,7.44,1.0,1.0,FIRCDN.ham,0.52224778,0.277,30.778314345263496,25.728286918135716,999.940002699892
RWCYKM,MJ,2,8.15,1.0,8.11,1.0,1.0,RWCYKM.ham,0.03200831,0.691,119.32097491839649,61.90565998042592,999.8800107991361
EKQHKL,MJ,2,7.63,1.0,6.19,1.0,1.0,EKQHKL.ham,0.39169206,0.277,58.85882352771252,34.67124821499908,1000.0100000750006
VSSFEW,MJ,2,11.47,1.0,9.28,1.0,1.0,VSSFEW.ham,0.6092454,0.235,33.43332894958331,25.259866336175264,994.1061814451253
EKCKVH,MJ,2,5.75,1.0,5.4,1.0,1.0,EKCKVH.ham,0.15961522,0.438,71.89964760527657,44.82816289824555,1000.018000243003
LDEVNA,MJ,2,11.39,1.0,7.99,1.0,1.0,LDEVNA.ham,0.60961298,0.2,34.28788926247385,28.925452321807928,998.4817310457623
RSTIWM,MJ,2,7.14,1.0,6.75,1.0,1.0,RSTIWM.ham,0.09968554,0.5429999999999999,119.51542732671852,54.37437967569263,1000.0040000119999
ARQDGD,MJ,2,3.42,1.0,3.4,1.0,1.0,ARQDGD.ham,0.00801562,0.907,332.8877207447771,11.29999527669638,4205970.826313568
GIPWWL,MJ,2,9.94,1.0,8.36,1.0,1.0,GIPWWL.ham,0.30806498,0.312,126.3716615370524,31.732453651211106,1999.1911939159681
VMWRIA,MJ,2,10.06,1.0,7.86,1.0,1.0,VMWRIA.ham,0.36226822,0.297,115.46830338848353,31.378902568602292,1998.95978762243
GLGTKM,MJ,2,6.78,1.0,6.76,1.0,1.0,GLGTKM.ham,0.01888,0.899,80.19685127188556,24.152746872313205,1014.6224322562765
APFTSH,MJ,2,7.18,1.0,7.09,1.0,1.0,APFTSH.ham,0.04165471,0.528,120.90061093888065,24.943926944294653,1001.6380095636146
TVSYDL,MJ,2,8.26,1.0,7.35,1.0,1.0,TVSYDL.ham,0.42811469,0.28800000000000003,38.753587630020924,26.12742520025934,999.8200242970845
WNHKKV,MJ,2,8.76,1.0,7.87,1.0,1.0,WNHKKV.ham,0.48643088,0.212,42.863295101915746,26.51973285646654,999.920004799744
NSYVEY,MJ,2,7.0,1.0,6.93,1.0,1.0,NSYVEY.ham,0.0384196,0.599,161.03635674276734,35.291630810132,1001.3934545977885
AWGLVQ,MJ,2,7.07,1.0,6.8,1.0,1.0,AWGLVQ.ham,0.06313441,0.517,819.2,0.1,2057.893244963126
MTEMTE,MJ,2,8.35,1.0,6.37,1.0,1.0,MTEMTE.ham,0.45900515,0.298,35.88941054642195,27.185181508100168,1000.016000192002
SSCVDI,MJ,2,9.02,1.0,8.55,1.0,1.0,SSCVDI.ham,0.15977706,0.391,85.60915184365102,26.51973285646654,999.7200587890258
MTVNHL,MJ,2,12.89,1.0,9.43,1.0,1.0,MTVNHL.ham,0.4671239,0.21,48.57985590287305,29.44120656423721,993.749455447658
MGRERM,MJ,2,8.58,1.0,8.35,1.0,1.0,MGRERM.ham,0.22346104,0.948,51.385510936862964,31.399689078371956,1000.2000300040004
SKTIIF,MJ,2,8.3,1.0,7.8,1.0,1.0,SKTIIF.ham,0.26620654,0.424,43.287769127339736,25.728286918135716,999.9000074994998
MIWFTR,MJ,2,9.97,1.0,9.68,1.0,1.0,MIWFTR.ham,0.18166646,0.557,38.541276593332064,27.74899068966862,999.600119968008
ACLIYS,MJ,2,8.5,1.0,6.59,1.0,1.0,ACLIYS.ham,0.39621999,0.275,47.16964663311105,29.694313484809136,999.7600431930891
IPFGKA,MJ,2,9.39,1.0,8.59,1.0,1.0,IPFGKA.ham,0.31866769,0.365,48.3013418185358,30.688068733588885,999.9000074994998
DAQKNV,MJ,2,5.55,1.0,4.75,1.0,1.0,DAQKNV.ham,0.32136434,0.37,60.22542220205946,37.96722226098981,1000.0300006750134
CYDYMN,MJ,2,7.5,1.0,6.75,1.0,1.0,CYDYMN.ham,0.18126491,0.404,275.23150946763644,60.03721374340441,1985.4498671356303
SEYRML,MJ,2,9.59,1.0,7.29,1.0,1.0,SEYRML.ham,0.42436377,0.253,57.65353409039036,29.44120656423721,999.6600866803523
KILRMW,MJ,2,8.83,1.0,8.71,1.0,1.0,KILRMW.ham,0.08623487,0.7020000000000001,115.62070469679604,83.44124639947118,998.8410084201173
RPWHYW,MJ,2,8.47,1.0,7.22,1.0,1.0,RPWHYW.ham,0.33709847,0.308,56.6116122158487,25.728286918135716,999.7000674865022
SPSRCT,MJ,2,5.03,1.0,3.92,1.0,1.0,SPSRCT.ham,0.29848914,0.358,97.12240334318233,42.53523274247735,1790.5424552790737
GDSTER,MJ,2,3.8,1.0,3.7,1.0,1.0,GDSTER.ham,0.09483896,0.901,54.12038367784752,34.59627243880283,1000.0740041072025
LPHRKL,MJ,2,11.91,1.0,11.4,1.0,1.0,LPHRKL.ham,0.4439127000000001,0.7559999999999999,39.8655123177136,29.694313484809136,1000.0
KPMAGL,MJ,2,9.78,1.0,7.72,1.0,1.0,KPMAGL.ham,0.4141214,0.239,68.191518718909,30.688068733588885,1000.0
HLNFEC,MJ,2,8.37,1.0,7.36,1.0,1.0,HLNFEC.ham,0.4164996,0.35600000000000004,30.792727616081592,24.152746872313205,999.7000674865022
KYWVRI,MJ,2,8.79,1.0,8.27,1.0,1.0,KYWVRI.ham,0.1567733,0.375,79.30407707216462,27.516173510362034,999.5001874375193
LNRMHS,MJ,2,10.33,1.0,8.03,1.0,1.0,LNRMHS.ham,0.54436806,0.258,32.724773896624534,26.51973285646654,999.2004797441281
FERAWV,MJ,2,11.1,1.0,9.36,1.0,1.0,FERAWV.ham,0.52062458,0.21600000000000005,33.47524886433244,26.12742520025934,996.3699131404685
VASSAA,MJ,2,7.09,1.0,6.76,1.0,1.0,VASSAA.ham,0.24753637,0.555,39.43966092352533,26.12742520025934,999.9800002999958
VIYHPV,MJ,2,10.14,1.0,9.28,1.0,1.0,VIYHPV.ham,0.38108114,0.31,35.79375230779654,24.943926944294653,999.920004799744
VDFHPW,MJ,2,11.34,1.0,9.74,1.0,1.0,VDFHPW.ham,0.34954983,0.29600000000000004,54.916170554372634,31.399689078371956,998.2423204771075
NPGRWI,MJ,2,7.02,1.0,6.97,1.0,1.0,NPGRWI.ham,0.04015298,0.753,126.40068986375815,22.962713504966636,1000.0220003630053
VVCTGA,MJ,2,7.61,1.0,7.5,1.0,1.0,VVCTGA.ham,0.10654063,0.977,77.68486197824649,25.674463335701677,1003.5313252554829
WSAWGA,MJ,2,8.88,1.0,7.78,1.0,1.0,WSAWGA.ham,0.44084406,0.332,34.33869554235989,27.516173510362034,999.9000074994998
ALHCQS,MJ,2,6.05,1.0,5.68,1.0,1.0,ALHCQS.ham,0.09927106,0.479,325.50500272300667,8.830015927424,1947.4065258142693
HDLRGF,MJ,2,12.05,1.0,9.44,1.0,1.0,HDLRGF.ham,0.43544604,0.217,60.07807826317756,31.399689078371956,998.6214269870961
LIEDNR,MJ,2,7.43,1.0,7.27,1.0,1.0,LIEDNR.ham,0.13709653,0.743,39.77673717221357,26.12742520025934,999.940002699892
QLMAYI,MJ,2,9.69,1.0,9.34,1.0,1.0,QLMAYI.ham,0.17756789999999995,0.471,67.39209101630453,49.35580863726104,999.9600011999681
RREAQW,MJ,2,6.4,1.0,5.24,1.0,1.0,RREAQW.ham,0.39656952,0.293,49.034174549560966,30.32148961426484,1000.0200003000039
RLFWYM,MJ,2,9.97,1.0,9.68,1.0,1.0,RLFWYM.ham,0.17137950000000002,0.34700000000000003,103.29029871997865,46.82029974653789,997.604313098353
AHVDRI,MJ,2,10.63,1.0,7.75,1.0,1.0,AHVDRI.ham,0.44326023,0.21,56.68249659976039,29.44120656423721,998.1824812891412
NPPPCI,MJ,2,7.0,1.0,6.31,1.0,1.0,NPPPCI.ham,0.27127617,0.358,55.90879910703376,25.728286918135716,999.9800002999958
VSYGEN,MJ,2,6.21,1.0,6.14,1.0,1.0,VSYGEN.ham,0.06667572,0.908,49.878571500092576,37.008764176390365,1000.0280005880109
NAALHK,MJ,2,5.05,1.0,4.95,1.0,1.0,NAALHK.ham,0.06923797,0.672,112.52683866888752,42.04287835690078,1000.0380010830274
GWPGTR,MJ,2,4.94,1.0,3.96,1.0,1.0,GWPGTR.ham,0.22819324,0.393,135.34956141076938,42.66653072445899,1798.3682097915985
RKMNGG,MJ,2,5.11,1.0,5.03,1.0,1.0,RKMNGG.ham,0.05148627,0.585,128.77433277584268,38.99957741632119,1000.0620028831192
MRCPEQ,MJ,2,6.75,1.0,6.3,1.0,1.0,MRCPEQ.ham,0.32074646,0.454,36.539563954831394,26.51973285646654,1000.0280005880109
RDPFIE,MJ,2,6.25,1.0,5.44,1.0,1.0,RDPFIE.ham,0.35961204,0.387,39.16124210511862,27.516173510362034,1000.0200003000039
IQHHGQ,MJ,2,7.81,1.0,6.12,1.0,1.0,IQHHGQ.ham,0.50174748,0.271,37.09019034977753,26.12742520025934,1000.0200003000039
FIMHPI,MJ,2,12.86,1.0,11.61,1.0,1.0,FIMHPI.ham,0.42031066,0.311,39.57456803618751,25.981481440500843,999.9800002999958
NPHLKS,MJ,2,5.85,1.0,5.32,1.0,1.0,NPHLKS.ham,0.22100015,0.451,60.50487795435867,40.40967598381286,1000.0360009720232
TEQDND,MJ,2,3.6,1.0,3.31,1.0,1.0,TEQDND.ham,0.25842296,0.762,50.667331904430455,35.984140049761976,1000.1140097477409
SGNFQL,MJ,2,7.94,1.0,7.76,1.0,1.0,SGNFQL.ham,0.17075003,0.899,44.522340288287985,29.502136672734665,999.9600011999681
KLCGNH,MJ,2,5.09,1.0,4.95,1.0,1.0,KLCGNH.ham,0.11631879,0.731,89.12318002014194,47.70761718964536,1731.4042216906262
SWWIFA,MJ,2,8.17,1.0,7.34,1.0,1.0,SWWIFA.ham,0.12003915,0.409,216.7657723567603,10.188428124550997,1989.868764831023
SPNVQP,MJ,2,4.62,1.0,4.58,1.0,1.0,SPNVQP.ham,0.03631804,0.848,84.66594574477222,33.13203369715628,1000.0760043322194
VAWKPP,MJ,2,7.05,1.0,6.22,1.0,1.0,VAWKPP.ham,0.324902,0.35200000000000004,49.95917410299424,27.74899068966862,1000.018000243003
DLWVPF,MJ,2,9.64,1.0,8.64,1.0,1.0,DLWVPF.ham,0.26044148,0.324,65.7833776980816,26.326455639141155,997.2058690431755
IWCEKS,MJ,2,6.79,1.0,6.38,1.0,1.0,IWCEKS.ham,0.38117156,0.862,36.59523682812581,24.152746872313205,1000.0200003000039
QDRHGC,MJ,2,5.42,1.0,4.83,1.0,1.0,QDRHGC.ham,0.38408992,0.33,49.889191336014655,31.732463469066474,1000.040001200032
GIFTVS,MJ,2,7.87,1.0,6.1,1.0,1.0,GIFTVS.ham,0.30439729,0.315,114.72438146690946,25.224873004986858,1972.1572960662431
NYKWDV,MJ,2,5.9,1.0,5.59,1.0,1.0,NYKWDV.ham,0.26125112,0.703,37.3677597075707,26.12742520025934,1000.0340008670197
LVWYMQ,MJ,2,9.71,1.0,9.36,1.0,1.0,LVWYMQ.ham,0.25881515,0.585,31.976375529462864,24.8157168734994,996.0914947554722
IKQNDQ,MJ,2,6.91,1.0,5.35,1.0,1.0,IKQNDQ.ham,0.47667331,0.249,41.437269605900916,29.44120656423721,1000.018000243003
RIKGCL,MJ,2,9.53,1.0,7.4,1.0,1.0,RIKGCL.ham,0.46209311,0.268,83.14992701058621,26.697570439959115,1990.552826725725
SVRMHP,MJ,2,5.15,1.0,4.73,1.0,1.0,SVRMHP.ham,0.12211047,0.453,379.7745104567446,37.46192357259723,1846.8710070736092
MAYKPG,MJ,2,6.4,1.0,5.87,1.0,1.0,MAYKPG.ham,0.40543842,0.331,44.47470478347499,25.728286918135716,1000.0200003000039
PQWNSI,MJ,2,9.54,1.0,7.31,1.0,1.0,PQWNSI.ham,0.42800176,0.229,63.26756413728172,30.711703229866206,999.920004799744
RIPWNV,MJ,2,6.73,1.0,6.48,1.0,1.0,RIPWNV.ham,0.0523601,0.622,434.7568826971975,224.09826554444098,1007.716371561011
VVPLAA,MJ,2,10.52,1.0,8.51,1.0,1.0,VVPLAA.ham,0.52569608,0.279,28.380413275751994,24.152746872313205,999.1605289038034
WEGWHS,MJ,2,8.05,1.0,6.88,1.0,1.0,WEGWHS.ham,0.40947578,0.333,35.713345083294264,27.516173510362034,999.9800002999958
TMFYVS,MJ,2,7.28,1.0,7.03,1.0,1.0,TMFYVS.ham,0.07379891,0.487,206.03692632377602,20.92660859504315,2003.1284941708288
